Week,Date,Time,team,away_indicator,opponent,score,opp_score,outcome,yards,turnovers,yards_against,takeaways,home,over_under,moneyline,opp_moneyline,spread,opp_spread,spread_price,opp_spread_price,over_price,under_price,vegas_implied_score,opp_vegas_implied_score,vegas_diff,opp_vegas_diff,over_percent,opp_over_percent,vegas_accuracy,opp_vegas_accuracy,over_hit,beat_spread,opp_beat_spread,beat_ml,opp_beat_ml,moneyline_payout,spread_payout,over_payout,opp_moneyline_payout,opp_spread_payout,under_payout
1.0,September 13,4:25PM,Arizona Cardinals,@,San Francisco 49ers,24.0,20.0,W,404.0,1.0,366.0,0.0,0.0,48.5,255.0,-305.0,7.0,-7.0,-110.0,-110.0,-110.0,-110.0,20.75,27.75,-3.25,7.75,2.3373493975903616,1.7477477477477477,-1,2,0,1,0,1,0,355.0,190.9090909090909,-100.0,-100.0,-100.0,190.9090909090909
1.0,September 13,1:00PM,Atlanta Falcons,@,Seattle Seahawks,25.0,38.0,L,506.0,2.0,383.0,0.0,1.0,49.5,-115.0,-105.0,-1.0,1.0,-110.0,-110.0,-110.0,-110.0,25.25,25.25,0.25,-12.75,1.9603960396039604,1.9603960396039604,0,-3,1,0,1,0,1,-100.0,-100.0,190.9090909090909,195.23809523809524,190.9090909090909,-100.0
1.0,September 13,1:00PM,Baltimore Ravens,,Cleveland Browns,38.0,6.0,L,381.0,1.0,306.0,3.0,1.0,47.0,-315.0,265.0,-7.0,7.0,-110.0,-110.0,-110.0,-110.0,27.0,20.0,-11.0,14.0,1.7407407407407407,2.35,-3,3,0,1,0,1,0,131.74603174603175,190.9090909090909,-100.0,-100.0,-100.0,190.9090909090909
1.0,September 13,1:00PM,Buffalo Bills,,New York Jets,27.0,17.0,W,404.0,2.0,254.0,2.0,1.0,39.5,-285.0,240.0,-6.5,6.5,-110.0,-110.0,-110.0,-110.0,23.0,16.5,-4.0,-0.5,1.7173913043478262,2.393939393939394,-1,0,1,1,0,1,0,135.08771929824562,190.9090909090909,190.9090909090909,-100.0,-100.0,-100.0
1.0,September 13,1:00PM,Carolina Panthers,@,Las Vegas Raiders,30.0,34.0,L,388.0,0.0,372.0,0.0,1.0,48.0,125.0,-145.0,3.0,-3.0,-110.0,-110.0,-110.0,-110.0,22.5,25.5,-7.5,-8.5,2.1333333333333333,1.8823529411764706,-2,-2,1,0,1,0,1,-100.0,-100.0,190.9090909090909,168.9655172413793,190.9090909090909,-100.0
1.0,September 13,1:00PM,Chicago Bears,@,Detroit Lions,27.0,23.0,W,363.0,0.0,426.0,1.0,0.0,42.5,110.0,-130.0,2.5,-2.5,-110.0,-110.0,-110.0,-110.0,20.0,22.5,-7.0,-0.5,2.125,1.8888888888888888,-2,0,1,1,0,1,0,210.0,190.9090909090909,190.9090909090909,-100.0,-100.0,-100.0
1.0,September 13,4:05PM,Cincinnati Bengals,@,Los Angeles Chargers,13.0,16.0,L,295.0,2.0,362.0,0.0,1.0,41.5,115.0,-135.0,2.5,-2.5,-110.0,-110.0,-110.0,-110.0,19.5,22.0,6.5,6.0,2.128205128205128,1.8863636363636365,2,1,0,0,1,0,1,-100.0,-100.0,-100.0,174.07407407407408,190.9090909090909,190.9090909090909
1.0,September 13,1:00PM,Cleveland Browns,,Baltimore Ravens,6.0,38.0,W,306.0,3.0,381.0,1.0,0.0,47.0,365.0,-315.0,7.0,-7.0,-110.0,-110.0,-110.0,-110.0,20.0,27.0,14.0,-11.0,2.35,1.7407407407407407,3,-3,0,0,1,0,1,-100.0,-100.0,-100.0,131.74603174603175,190.9090909090909,190.9090909090909
1.0,September 13,8:20PM,Dallas Cowboys,,Los Angeles Rams,17.0,20.0,L,380.0,0.0,422.0,1.0,0.0,52.0,-116.0,-104.0,1.0,-1.0,-110.0,-110.0,-110.0,-110.0,26.5,26.5,9.5,6.5,1.9622641509433962,1.9622641509433962,2,2,0,0,1,0,1,-100.0,-100.0,-100.0,196.15384615384616,190.9090909090909,190.9090909090909
1.0,September 14,10:10PM,Denver Broncos,@,Tennessee Titans,14.0,16.0,L,323.0,1.0,377.0,0.0,1.0,41.5,160.0,-180.0,3.5,-3.5,-110.0,-110.0,-110.0,-110.0,19.0,22.5,5.0,6.5,2.1842105263157894,1.8444444444444446,1,2,0,1,0,0,1,-100.0,190.9090909090909,-100.0,155.55555555555554,-100.0,190.9090909090909
1.0,September 13,1:00PM,Detroit Lions,@,Chicago Bears,23.0,27.0,L,426.0,1.0,363.0,0.0,1.0,42.5,-130.0,110.0,-2.5,2.5,-110.0,-110.0,-110.0,-110.0,22.5,20.0,-0.5,-7.0,1.8888888888888888,2.125,0,-2,1,0,1,0,1,-100.0,-100.0,190.9090909090909,210.0,190.9090909090909,-100.0
1.0,September 13,1:00PM,Green Bay Packers,@,Minnesota Vikings,43.0,34.0,W,522.0,0.0,382.0,1.0,0.0,44.0,100.0,-120.0,1.0,-1.0,-110.0,-110.0,-110.0,-110.0,21.5,22.5,-21.5,-11.5,2.046511627906977,1.9555555555555555,-1,-3,1,1,0,1,0,200.0,190.9090909090909,190.9090909090909,-100.0,-100.0,-100.0
1.0,September 10,8:20PM,Houston Texans,,Kansas City Chiefs,20.0,34.0,L,360.0,1.0,369.0,0.0,0.0,53.5,350.0,-430.0,9.5,-9.5,-110.0,-110.0,-110.0,-110.0,22.0,31.5,2.0,-2.5,2.4318181818181817,1.6984126984126984,0,0,1,0,1,0,1,-100.0,-100.0,190.9090909090909,123.25581395348837,190.9090909090909,-100.0
1.0,September 13,1:00PM,Indianapolis Colts,,Jacksonville Jaguars,20.0,27.0,L,445.0,2.0,241.0,0.0,0.0,44.0,-315.0,265.0,-7.0,7.0,-110.0,-110.0,-110.0,-110.0,25.5,18.5,5.5,-8.5,1.7254901960784315,2.3783783783783785,1,-2,1,0,1,0,1,-100.0,-100.0,190.9090909090909,365.0,190.9090909090909,-100.0
1.0,September 13,1:00PM,Jacksonville Jaguars,,Indianapolis Colts,27.0,20.0,W,241.0,0.0,445.0,2.0,1.0,44.0,265.0,-315.0,7.0,-7.0,-110.0,-110.0,-110.0,-110.0,18.5,25.5,-8.5,5.5,2.3783783783783785,1.7254901960784315,-2,1,1,1,0,1,0,365.0,190.9090909090909,190.9090909090909,-100.0,-100.0,-100.0
1.0,September 10,8:20PM,Kansas City Chiefs,,Houston Texans,34.0,20.0,W,369.0,0.0,360.0,1.0,1.0,53.5,-430.0,350.0,9.5,-9.5,-110.0,-110.0,-110.0,-110.0,31.5,22.0,-2.5,2.0,1.6984126984126984,2.4318181818181817,0,0,1,1,0,1,0,123.25581395348837,190.9090909090909,190.9090909090909,-100.0,-100.0,-100.0
1.0,September 13,1:00PM,Las Vegas Raiders,@,Carolina Panthers,34.0,30.0,W,372.0,0.0,388.0,0.0,0.0,48.0,-145.0,125.0,-3.0,3.0,-110.0,-110.0,-110.0,-110.0,25.5,22.5,-8.5,-7.5,1.8823529411764706,2.1333333333333333,-2,-2,1,1,0,1,0,168.9655172413793,190.9090909090909,190.9090909090909,-100.0,-100.0,-100.0
1.0,September 13,4:05PM,Los Angeles Chargers,@,Cincinnati Bengals,16.0,13.0,W,362.0,0.0,295.0,2.0,0.0,41.5,-135.0,115.0,-2.5,2.5,-110.0,-110.0,-110.0,-110.0,22.0,19.5,6.0,6.5,1.8863636363636365,2.128205128205128,1,2,0,1,0,1,0,174.07407407407408,190.9090909090909,-100.0,-100.0,-100.0,190.9090909090909
1.0,September 13,8:20PM,Los Angeles Rams,,Dallas Cowboys,20.0,17.0,W,422.0,1.0,380.0,0.0,1.0,52.0,-104.0,-116.0,-1.0,1.0,-110.0,-110.0,-110.0,-110.0,26.5,26.5,6.5,9.5,1.9622641509433962,1.9622641509433962,2,2,0,1,0,1,0,196.15384615384616,190.9090909090909,-100.0,-100.0,-100.0,190.9090909090909
1.0,September 13,1:00PM,Miami Dolphins,,New England Patriots,11.0,21.0,L,269.0,3.0,357.0,1.0,0.0,41.5,275.0,-330.0,7.5,-7.5,-110.0,-110.0,-110.0,-110.0,17.0,24.5,6.0,3.5,2.4411764705882355,1.6938775510204083,1,1,0,0,1,0,1,-100.0,-100.0,-100.0,130.3030303030303,190.9090909090909,190.9090909090909
1.0,September 13,1:00PM,Minnesota Vikings,@,Green Bay Packers,34.0,43.0,L,382.0,1.0,522.0,0.0,1.0,44.0,-120.0,100.0,-1.0,1.0,-110.0,-110.0,-110.0,-110.0,22.5,21.5,-11.5,-21.5,1.9555555555555555,2.046511627906977,-3,-1,1,0,1,0,1,-100.0,-100.0,190.9090909090909,200.0,190.9090909090909,-100.0
1.0,September 13,1:00PM,New England Patriots,,Miami Dolphins,21.0,11.0,W,357.0,1.0,269.0,3.0,1.0,41.5,-330.0,275.0,-7.5,7.5,-110.0,-110.0,-110.0,-110.0,24.5,17.0,3.5,6.0,1.6938775510204083,2.4411764705882355,1,1,0,1,0,1,0,130.3030303030303,190.9090909090909,-100.0,-100.0,-100.0,190.9090909090909
1.0,September 14,7:15PM,New York Giants,@,Pittsburgh Steelers,16.0,26.0,L,291.0,2.0,349.0,1.0,1.0,44.0,212.0,-252.0,6.0,-6.0,-110.0,-110.0,-110.0,-110.0,19.0,25.0,3.0,-1.0,2.3157894736842106,1.76,0,0,0,0,1,0,1,-100.0,-100.0,-100.0,139.6825396825397,190.9090909090909,190.9090909090909
1.0,September 13,1:00PM,New York Jets,,Buffalo Bills,17.0,27.0,L,254.0,2.0,404.0,2.0,0.0,39.5,240.0,-285.0,6.5,-6.5,-110.0,-110.0,-110.0,-110.0,16.5,23.0,-0.5,-4.0,2.393939393939394,1.7173913043478262,0,-1,1,0,1,0,1,-100.0,-100.0,190.9090909090909,135.08771929824562,190.9090909090909,-100.0
1.0,September 13,1:00PM,Philadelphia Eagles,,Washington Football Team,17.0,27.0,L,265.0,3.0,239.0,0.0,0.0,41.5,-255.0,195.0,-5.5,5.5,-110.0,-110.0,-110.0,-110.0,23.5,18.0,6.5,-9.0,1.7659574468085106,2.3055555555555554,2,-2,1,0,1,0,1,-100.0,-100.0,190.9090909090909,295.0,190.9090909090909,-100.0
1.0,September 14,7:15PM,Pittsburgh Steelers,@,New York Giants,26.0,16.0,W,349.0,1.0,291.0,2.0,0.0,44.0,-252.0,212.0,-6.0,6.0,-110.0,-110.0,-110.0,-110.0,25.0,19.0,-1.0,3.0,1.76,2.3157894736842106,0,0,0,1,0,1,0,139.6825396825397,190.9090909090909,-100.0,-100.0,-100.0,190.9090909090909
1.0,September 13,4:25PM,Tampa Bay Buccaneers,,New Orleans Saints,23.0,34.0,L,310.0,3.0,271.0,0.0,0.0,48.5,175.0,-205.0,4.0,-4.0,-110.0,-110.0,-110.0,-110.0,22.25,26.25,-0.75,-7.75,2.1797752808988764,1.8476190476190477,0,-2,1,0,1,0,1,-100.0,-100.0,190.9090909090909,148.78048780487805,190.9090909090909,-100.0
1.0,September 14,10:10PM,Tennessee Titans,@,Denver Broncos,16.0,14.0,W,377.0,0.0,323.0,1.0,0.0,41.5,-180.0,160.0,-3.5,3.5,-110.0,-110.0,-110.0,-110.0,22.5,19.0,6.5,5.0,1.8444444444444446,2.1842105263157894,2,1,0,0,1,1,0,155.55555555555554,-100.0,-100.0,-100.0,190.9090909090909,190.9090909090909
1.0,September 13,1:00PM,Washington Football Team,,Philadelphia Eagles,27.0,17.0,W,239.0,0.0,265.0,3.0,1.0,41.5,195.0,-225.0,5.5,-5.5,-110.0,-110.0,-110.0,-110.0,18.0,23.5,-9.0,6.5,2.3055555555555554,1.7659574468085106,-2,2,1,1,0,1,0,295.0,190.9090909090909,190.9090909090909,-100.0,-100.0,-100.0
1.0,September 13,4:25PM,New Orleans Saints,,Tampa Bay Buccaneers,34.0,23.0,W,271.0,0.0,310.0,3.0,1.0,48.5,-205.0,175.0,-4.0,4.0,-110.0,-110.0,-110.0,-110.0,26.25,22.25,-7.75,-0.75,1.8476190476190477,2.1797752808988764,-2,0,1,1,0,1,0,148.78048780487805,190.9090909090909,190.9090909090909,-100.0,-100.0,-100.0
1.0,September 13,1:00PM,Seattle Seahawks,@,Atlanta Falcons,38.0,25.0,W,383.0,0.0,506.0,2.0,0.0,49.5,-105.0,-115.0,1.0,-1.0,-110.0,-110.0,-110.0,-110.0,25.25,25.25,-12.75,0.25,1.9603960396039604,1.9603960396039604,-3,0,1,1,0,1,0,195.23809523809524,190.9090909090909,190.9090909090909,-100.0,-100.0,-100.0
1.0,September 13,4:25PM,San Francisco 49ers,@,Arizona Cardinals,20.0,24.0,L,366.0,0.0,404.0,1.0,1.0,48.5,-305.0,255.0,-7.0,7.0,-110.0,-110.0,-110.0,-110.0,27.75,20.75,7.75,-3.25,1.7477477477477477,2.3373493975903616,2,-1,0,0,1,0,1,-100.0,-100.0,-100.0,355.0,190.9090909090909,190.9090909090909
2.0,September 20,1:00PM,Chicago Bears,,New York Giants,17.0,13.0,W,304.0,2.0,295.0,2.0,1.0,42.5,-220.0,190.0,-4.5,4.5,-110.0,-110.0,-110.0,-110.0,23.5,19.0,6.5,6.0,1.8085106382978724,2.236842105263158,2,1,0,0,1,1,0,145.45454545454544,-100.0,-100.0,-100.0,190.9090909090909,190.9090909090909
2.0,September 20,4:05PM,Arizona Cardinals,,Washington Football Team,30.0,15.0,W,438.0,1.0,316.0,2.0,1.0,46.5,-319.0,269.0,-7.5,7.5,-110.0,-110.0,-110.0,-110.0,27.0,19.5,-3.0,4.5,1.7222222222222223,2.3846153846153846,0,1,0,1,0,1,0,131.34796238244513,190.9090909090909,-100.0,-100.0,-100.0,190.9090909090909
2.0,September 20,1:00PM,Atlanta Falcons,,Dallas Cowboys,39.0,40.0,L,380.0,0.0,570.0,3.0,0.0,53.0,125.0,-145.0,3.0,-3.0,-110.0,-110.0,-110.0,-110.0,25.0,28.0,-14.0,-12.0,2.12,1.8928571428571428,-3,-3,1,1,0,0,1,-100.0,190.9090909090909,190.9090909090909,168.9655172413793,-100.0,-100.0
2.0,September 20,4:25PM,Baltimore Ravens,@,Houston Texans,33.0,16.0,W,407.0,0.0,304.0,2.0,0.0,49.5,-330.0,275.0,-7.5,7.5,-110.0,-110.0,-110.0,-110.0,28.5,21.0,-4.5,5.0,1.736842105263158,2.357142857142857,-1,1,0,1,0,1,0,130.3030303030303,190.9090909090909,-100.0,-100.0,-100.0,190.9090909090909
2.0,September 20,1:00PM,Buffalo Bills,@,Miami Dolphins,31.0,28.0,W,523.0,1.0,410.0,0.0,0.0,42.5,-245.0,205.0,-5.5,5.5,-110.0,-110.0,-110.0,-110.0,24.0,18.5,-7.0,-9.5,1.7708333333333333,2.2972972972972974,-2,-2,1,0,1,1,0,140.81632653061223,-100.0,190.9090909090909,-100.0,190.9090909090909,-100.0
2.0,September 20,1:00PM,Carolina Panthers,,Tampa Bay Buccaneers,17.0,31.0,L,427.0,4.0,339.0,2.0,0.0,47.0,280.0,-350.0,7.5,-7.5,-110.0,-110.0,-110.0,-110.0,19.75,27.25,2.75,-3.75,2.3797468354430378,1.724770642201835,0,-1,1,0,1,0,1,-100.0,-100.0,190.9090909090909,128.57142857142856,190.9090909090909,-100.0
2.0,September 17,8:20PM,Cincinnati Bengals,,Cleveland Browns,30.0,35.0,L,353.0,1.0,434.0,1.0,0.0,44.5,200.0,-240.0,6.0,-6.0,-110.0,-110.0,-110.0,-110.0,19.25,25.25,-10.75,-9.75,2.311688311688312,1.7623762376237624,-3,-2,1,1,0,0,1,-100.0,190.9090909090909,190.9090909090909,141.66666666666669,-100.0,-100.0
2.0,September 17,8:20PM,Cleveland Browns,,Cincinnati Bengals,35.0,30.0,W,434.0,1.0,353.0,1.0,1.0,44.5,-240.0,200.0,-6.0,6.0,-110.0,-110.0,-110.0,-110.0,25.25,19.25,-9.75,-10.75,1.7623762376237624,2.311688311688312,-2,-3,1,0,1,1,0,141.66666666666669,-100.0,190.9090909090909,-100.0,190.9090909090909,-100.0
2.0,September 20,1:00PM,Dallas Cowboys,,Atlanta Falcons,40.0,39.0,W,570.0,3.0,380.0,0.0,1.0,53.0,-145.0,125.0,3.0,-3.0,-110.0,-110.0,-110.0,-110.0,28.0,25.0,-12.0,-14.0,1.8928571428571428,2.12,-3,-3,1,1,0,1,0,168.9655172413793,190.9090909090909,190.9090909090909,-100.0,-100.0,-100.0
2.0,September 20,1:00PM,Denver Broncos,,Pittsburgh Steelers,21.0,26.0,L,319.0,2.0,410.0,2.0,0.0,41.0,235.0,-280.0,6.0,-6.0,-110.0,-110.0,-110.0,-110.0,17.5,23.5,-3.5,-2.5,2.342857142857143,1.7446808510638299,-1,0,1,1,0,0,1,-100.0,190.9090909090909,190.9090909090909,135.71428571428572,-100.0,-100.0
2.0,September 20,1:00PM,Detroit Lions,,Green Bay Packers,21.0,42.0,L,307.0,1.0,488.0,0.0,0.0,51.0,235.0,-280.0,7.0,-7.0,-110.0,-110.0,-110.0,-110.0,22.0,29.0,1.0,-13.0,2.3181818181818183,1.7586206896551724,0,-3,1,0,1,0,1,-100.0,-100.0,190.9090909090909,135.71428571428572,190.9090909090909,-100.0
2.0,September 20,1:00PM,Green Bay Packers,,Detroit Lions,42.0,21.0,W,488.0,0.0,307.0,1.0,1.0,51.0,-280.0,235.0,-7.0,7.0,-110.0,-110.0,-110.0,-110.0,29.0,22.0,-13.0,1.0,1.7586206896551724,2.3181818181818183,-3,0,1,1,0,1,0,135.71428571428572,190.9090909090909,190.9090909090909,-100.0,-100.0,-100.0
2.0,September 20,4:25PM,Houston Texans,@,Baltimore Ravens,16.0,33.0,L,304.0,2.0,407.0,0.0,1.0,49.5,275.0,-330.0,7.5,-7.5,-110.0,-110.0,-110.0,-110.0,21.0,28.5,5.0,-4.5,2.357142857142857,1.736842105263158,1,-1,0,0,1,0,1,-100.0,-100.0,-100.0,130.3030303030303,190.9090909090909,190.9090909090909
2.0,September 20,1:00PM,Indianapolis Colts,,Minnesota Vikings,28.0,11.0,W,354.0,1.0,175.0,3.0,1.0,49.0,-176.0,156.0,-3.5,3.5,-110.0,-110.0,-110.0,-110.0,26.25,22.75,-1.75,11.75,1.8666666666666667,2.1538461538461537,0,3,0,1,0,1,0,156.8181818181818,190.9090909090909,-100.0,-100.0,-100.0,190.9090909090909
2.0,September 20,1:00PM,Jacksonville Jaguars,,Tennessee Titans,30.0,33.0,L,480.0,2.0,354.0,0.0,0.0,44.5,250.0,-300.0,7.0,-7.0,-110.0,-110.0,-110.0,-110.0,18.75,25.75,-11.25,-7.25,2.3733333333333335,1.7281553398058251,-3,-2,1,1,0,0,1,-100.0,190.9090909090909,190.9090909090909,133.33333333333331,-100.0,-100.0
2.0,September 20,4:25PM,Kansas City Chiefs,@,Los Angeles Chargers,23.0,20.0,W,414.0,0.0,479.0,1.0,0.0,47.0,-415.0,335.0,8.5,-8.5,-110.0,-110.0,-110.0,-110.0,27.75,19.25,4.75,-0.75,1.6936936936936937,2.4415584415584415,1,0,0,1,0,1,0,124.09638554216868,190.9090909090909,-100.0,-100.0,-100.0,190.9090909090909
2.0,September 21,8:15PM,Las Vegas Raiders,,New Orleans Saints,34.0,24.0,W,377.0,1.0,424.0,1.0,1.0,47.5,175.0,-205.0,4.0,-4.0,-110.0,-110.0,-110.0,-110.0,21.75,25.75,-12.25,1.75,2.1839080459770117,1.8446601941747574,-3,0,1,1,0,1,0,275.0,190.9090909090909,190.9090909090909,-100.0,-100.0,-100.0
2.0,September 20,4:25PM,Los Angeles Chargers,@,Kansas City Chiefs,20.0,23.0,L,479.0,1.0,414.0,0.0,1.0,47.0,335.0,-415.0,8.5,-8.5,-110.0,-110.0,-110.0,-110.0,19.25,27.75,-0.75,4.75,2.4415584415584415,1.6936936936936937,0,1,0,1,0,0,1,-100.0,190.9090909090909,-100.0,124.09638554216868,-100.0,190.9090909090909
2.0,September 20,1:00PM,Los Angeles Rams,@,Philadelphia Eagles,37.0,19.0,W,449.0,1.0,363.0,3.0,0.0,46.0,110.0,-130.0,2.0,-2.0,-110.0,-110.0,-110.0,-110.0,22.0,24.0,-15.0,5.0,2.090909090909091,1.9166666666666667,-1,1,1,1,0,1,0,210.0,190.9090909090909,190.9090909090909,-100.0,-100.0,-100.0
2.0,September 20,1:00PM,Miami Dolphins,@,Buffalo Bills,28.0,31.0,L,410.0,0.0,523.0,1.0,1.0,42.5,205.0,-245.0,5.5,-5.5,-110.0,-110.0,-110.0,-110.0,18.5,24.0,-9.5,-7.0,2.2972972972972974,1.7708333333333333,-2,-2,1,1,0,0,1,-100.0,190.9090909090909,190.9090909090909,140.81632653061223,-100.0,-100.0
2.0,September 20,1:00PM,Minnesota Vikings,,Indianapolis Colts,11.0,28.0,L,175.0,3.0,354.0,1.0,0.0,49.0,156.0,-176.0,3.5,-3.5,-110.0,-110.0,-110.0,-110.0,22.75,26.25,11.75,-1.75,2.1538461538461537,1.8666666666666667,3,0,0,0,1,0,1,-100.0,-100.0,-100.0,156.8181818181818,190.9090909090909,190.9090909090909
2.0,September 20,8:20PM,New England Patriots,,Seattle Seahawks,30.0,35.0,L,464.0,1.0,429.0,1.0,0.0,45.0,175.0,-205.0,4.0,-4.0,-110.0,-110.0,-110.0,-110.0,20.5,24.5,-9.5,-10.5,2.1951219512195124,1.836734693877551,-2,-3,1,0,1,0,1,-100.0,-100.0,190.9090909090909,148.78048780487805,190.9090909090909,-100.0
2.0,September 20,1:00PM,New York Giants,,Chicago Bears,13.0,17.0,L,295.0,2.0,304.0,2.0,0.0,42.5,190.0,-220.0,4.5,-4.5,-110.0,-110.0,-110.0,-110.0,19.0,23.5,6.0,6.5,2.236842105263158,1.8085106382978724,1,2,0,1,0,0,1,-100.0,190.9090909090909,-100.0,145.45454545454544,-100.0,190.9090909090909
2.0,September 20,1:00PM,New York Jets,@,San Francisco 49ers,13.0,31.0,L,277.0,0.0,359.0,1.0,1.0,41.5,255.0,-305.0,7.0,-7.0,-110.0,-110.0,-110.0,-110.0,17.25,24.25,4.25,-6.75,2.4057971014492754,1.711340206185567,1,-2,1,0,1,0,1,-100.0,-100.0,190.9090909090909,132.78688524590163,190.9090909090909,-100.0
2.0,September 20,1:00PM,Philadelphia Eagles,@,Los Angeles Rams,19.0,37.0,L,363.0,3.0,449.0,1.0,1.0,46.0,-130.0,110.0,-2.0,2.0,-110.0,-110.0,-110.0,-110.0,24.0,22.0,5.0,-15.0,1.9166666666666667,2.090909090909091,1,-1,1,0,1,0,1,-100.0,-100.0,190.9090909090909,210.0,190.9090909090909,-100.0
2.0,September 20,1:00PM,Pittsburgh Steelers,,Denver Broncos,26.0,21.0,W,410.0,2.0,319.0,2.0,1.0,41.0,-280.0,235.0,6.0,-6.0,-110.0,-110.0,-110.0,-110.0,23.5,17.5,-2.5,-3.5,1.7446808510638299,2.342857142857143,0,-1,1,1,0,1,0,135.71428571428572,190.9090909090909,190.9090909090909,-100.0,-100.0,-100.0
2.0,September 20,1:00PM,Tampa Bay Buccaneers,,Carolina Panthers,31.0,17.0,W,339.0,2.0,427.0,4.0,1.0,47.0,-350.0,280.0,-7.5,7.5,-110.0,-110.0,-110.0,-110.0,27.25,19.75,-3.75,2.75,1.724770642201835,2.3797468354430378,-1,0,1,1,0,1,0,128.57142857142856,190.9090909090909,190.9090909090909,-100.0,-100.0,-100.0
2.0,September 20,1:00PM,Tennessee Titans,,Jacksonville Jaguars,33.0,30.0,W,354.0,0.0,480.0,2.0,1.0,44.5,-300.0,250.0,-7.0,7.0,-110.0,-110.0,-110.0,-110.0,25.75,18.75,-7.25,-11.25,1.7281553398058251,2.3733333333333335,-2,-3,1,0,1,1,0,133.33333333333331,-100.0,190.9090909090909,-100.0,190.9090909090909,-100.0
2.0,September 20,4:05PM,Washington Football Team,,Arizona Cardinals,15.0,30.0,L,316.0,2.0,438.0,1.0,0.0,46.5,269.0,-319.0,7.5,-7.5,-110.0,-110.0,-110.0,-110.0,19.5,27.0,4.5,-3.0,2.3846153846153846,1.7222222222222223,1,0,0,0,1,0,1,-100.0,-100.0,-100.0,131.34796238244513,190.9090909090909,190.9090909090909
2.0,September 21,8:15PM,New Orleans Saints,,Las Vegas Raiders,24.0,34.0,L,424.0,1.0,377.0,1.0,0.0,47.5,-205.0,175.0,-4.0,4.0,-110.0,-110.0,-110.0,-110.0,25.75,21.75,1.75,-12.25,1.8446601941747574,2.1839080459770117,0,-3,1,0,1,0,1,-100.0,-100.0,190.9090909090909,275.0,190.9090909090909,-100.0
2.0,September 20,8:20PM,Seattle Seahawks,,New England Patriots,35.0,30.0,W,429.0,1.0,464.0,1.0,1.0,45.0,-205.0,175.0,-4.0,4.0,-110.0,-110.0,-110.0,-110.0,24.5,20.5,-10.5,-9.5,1.836734693877551,2.1951219512195124,-3,-2,1,1,0,1,0,148.78048780487805,190.9090909090909,190.9090909090909,-100.0,-100.0,-100.0
2.0,September 20,1:00PM,San Francisco 49ers,@,New York Jets,31.0,13.0,W,359.0,1.0,277.0,0.0,0.0,41.5,-305.0,255.0,-7.0,7.0,-110.0,-110.0,-110.0,-110.0,24.25,17.25,-6.75,4.25,1.711340206185567,2.4057971014492754,-2,1,1,1,0,1,0,132.78688524590163,190.9090909090909,190.9090909090909,-100.0,-100.0,-100.0
3.0,September 27,4:25PM,Seattle Seahawks,,Dallas Cowboys,38.0,31.0,W,412.0,1.0,522.0,3.0,1.0,58.0,-226.0,196.0,-5.5,5.5,-110.0,-110.0,-110.0,-110.0,31.75,26.25,-6.25,-4.75,1.8267716535433072,2.2095238095238097,-2,-1,1,1,0,1,0,144.24778761061947,190.9090909090909,190.9090909090909,-100.0,-100.0,-100.0
3.0,September 27,1:00PM,Chicago Bears,@,Atlanta Falcons,30.0,26.0,W,437.0,2.0,371.0,1.0,0.0,46.0,115.0,-135.0,2.5,-2.5,-110.0,-110.0,-110.0,-110.0,21.75,24.25,-8.25,-1.75,2.1149425287356323,1.8969072164948453,-2,0,1,1,0,1,0,215.0,190.9090909090909,190.9090909090909,-100.0,-100.0,-100.0
3.0,September 27,4:25PM,Arizona Cardinals,@,Detroit Lions,23.0,26.0,L,377.0,3.0,322.0,0.0,1.0,55.5,-220.0,190.0,4.5,-4.5,-110.0,-110.0,-110.0,-110.0,30.0,25.5,7.0,-0.5,1.85,2.176470588235294,2,0,0,1,0,0,1,-100.0,190.9090909090909,-100.0,290.0,-100.0,190.9090909090909
3.0,September 27,1:00PM,Atlanta Falcons,@,Chicago Bears,26.0,30.0,L,371.0,1.0,437.0,2.0,1.0,46.0,-135.0,115.0,-2.5,2.5,-110.0,-110.0,-110.0,-110.0,24.25,21.75,-1.75,-8.25,1.8969072164948453,2.1149425287356323,0,-2,1,0,1,0,1,-100.0,-100.0,190.9090909090909,215.0,190.9090909090909,-100.0
3.0,September 28,8:15PM,Baltimore Ravens,@,Kansas City Chiefs,20.0,34.0,L,228.0,1.0,517.0,1.0,1.0,55.0,-171.0,151.0,3.5,-3.5,-110.0,-110.0,-110.0,-110.0,29.25,25.75,9.25,-8.25,1.8803418803418803,2.1359223300970873,2,-2,0,0,1,0,1,-100.0,-100.0,-100.0,251.0,190.9090909090909,190.9090909090909
3.0,September 27,1:00PM,Buffalo Bills,,Los Angeles Rams,35.0,32.0,W,375.0,2.0,478.0,2.0,1.0,46.5,-128.0,108.0,-1.5,1.5,-110.0,-110.0,-110.0,-110.0,24.0,22.5,-11.0,-9.5,1.9375,2.066666666666667,-3,-2,1,1,0,1,0,178.125,190.9090909090909,190.9090909090909,-100.0,-100.0,-100.0
3.0,September 27,4:05PM,Carolina Panthers,@,Los Angeles Chargers,21.0,16.0,W,302.0,0.0,436.0,4.0,0.0,43.5,225.0,-265.0,6.0,-6.0,-110.0,-110.0,-110.0,-110.0,18.75,24.75,-2.25,8.75,2.32,1.7575757575757576,0,2,0,1,0,1,0,325.0,190.9090909090909,-100.0,-100.0,-100.0,190.9090909090909
3.0,September 27,1:00PM,Cincinnati Bengals,,Philadelphia Eagles,23.0,23.0,T,304.0,0.0,381.0,2.0,0.0,46.5,199.0,-229.0,5.5,-5.5,-110.0,-110.0,-110.0,-110.0,20.5,26.0,-2.5,3.0,2.268292682926829,1.7884615384615385,0,0,0,1,0,0,0,-100.0,190.9090909090909,-100.0,143.66812227074234,-100.0,190.9090909090909
3.0,September 27,1:00PM,Cleveland Browns,,Washington Football Team,34.0,20.0,W,300.0,0.0,309.0,5.0,1.0,45.0,-330.0,275.0,-7.5,7.5,-110.0,-110.0,-110.0,-110.0,26.25,18.75,-7.75,-1.25,1.7142857142857142,2.4,-2,0,1,1,0,1,0,130.3030303030303,190.9090909090909,190.9090909090909,-100.0,-100.0,-100.0
3.0,September 27,4:25PM,Dallas Cowboys,,Seattle Seahawks,31.0,38.0,L,522.0,3.0,412.0,1.0,0.0,58.0,196.0,-226.0,5.5,-5.5,-110.0,-110.0,-110.0,-110.0,26.25,31.75,-4.75,-6.25,2.2095238095238097,1.8267716535433072,-1,-2,1,0,1,0,1,-100.0,-100.0,190.9090909090909,144.24778761061947,190.9090909090909,-100.0
3.0,September 27,4:25PM,Denver Broncos,@,Tampa Bay Buccaneers,10.0,28.0,L,226.0,2.0,353.0,0.0,1.0,42.5,230.0,-275.0,6.0,-6.0,-110.0,-110.0,-110.0,-110.0,18.25,24.25,8.25,-3.75,2.328767123287671,1.7525773195876289,2,-1,0,0,1,0,1,-100.0,-100.0,-100.0,136.36363636363637,190.9090909090909,190.9090909090909
3.0,September 27,4:25PM,Detroit Lions,@,Arizona Cardinals,26.0,23.0,W,322.0,0.0,377.0,3.0,0.0,55.5,190.0,-220.0,4.5,-4.5,-110.0,-110.0,-110.0,-110.0,25.5,30.0,-0.5,7.0,2.176470588235294,1.85,0,2,0,1,0,1,0,290.0,190.9090909090909,-100.0,-100.0,-100.0,190.9090909090909
3.0,September 27,8:20PM,Green Bay Packers,@,New Orleans Saints,37.0,30.0,W,369.0,0.0,397.0,1.0,0.0,52.0,145.0,-165.0,3.5,-3.5,-110.0,-110.0,-110.0,-110.0,24.25,27.75,-12.75,-2.25,2.1443298969072164,1.8738738738738738,-3,0,1,1,0,1,0,245.0,190.9090909090909,190.9090909090909,-100.0,-100.0,-100.0
3.0,September 27,1:00PM,Houston Texans,,Pittsburgh Steelers,21.0,28.0,L,260.0,1.0,387.0,0.0,0.0,46.5,173.0,-198.0,3.5,-3.5,-110.0,-110.0,-110.0,-110.0,21.5,25.0,0.5,-3.0,2.1627906976744184,1.86,0,0,1,0,1,0,1,-100.0,-100.0,190.9090909090909,150.50505050505052,190.9090909090909,-100.0
3.0,September 27,4:05PM,Indianapolis Colts,,New York Jets,36.0,7.0,L,353.0,0.0,260.0,3.0,1.0,44.0,-610.0,470.0,-12.5,12.5,-110.0,-110.0,-110.0,-110.0,28.25,15.75,-7.75,8.75,1.5575221238938053,2.7936507936507935,-2,2,0,1,0,1,0,116.39344262295081,190.9090909090909,-100.0,-100.0,-100.0,190.9090909090909
3.0,September 24,8:20PM,Jacksonville Jaguars,@,Miami Dolphins,13.0,31.0,L,318.0,2.0,294.0,0.0,1.0,49.5,-140.0,120.0,-2.5,2.5,-110.0,-110.0,-110.0,-110.0,26.0,23.5,13.0,-7.5,1.9038461538461537,2.106382978723404,3,-2,0,0,1,0,1,-100.0,-100.0,-100.0,220.0,190.9090909090909,190.9090909090909
3.0,September 28,8:15PM,Kansas City Chiefs,@,Baltimore Ravens,34.0,20.0,W,517.0,1.0,228.0,1.0,0.0,55.0,151.0,-171.0,3.5,-3.5,-110.0,-110.0,-110.0,-110.0,25.75,29.25,-8.25,9.25,2.1359223300970873,1.8803418803418803,-2,2,0,1,0,1,0,251.0,190.9090909090909,-100.0,-100.0,-100.0,190.9090909090909
3.0,September 27,1:00PM,Las Vegas Raiders,,New England Patriots,20.0,36.0,L,375.0,3.0,406.0,1.0,0.0,47.0,280.0,-350.0,7.0,-7.0,-110.0,-110.0,-110.0,-110.0,20.0,27.0,0.0,-9.0,2.35,1.7407407407407407,0,-2,1,0,1,0,1,-100.0,-100.0,190.9090909090909,128.57142857142856,190.9090909090909,-100.0
3.0,September 27,4:05PM,Los Angeles Chargers,@,Carolina Panthers,16.0,21.0,L,436.0,4.0,302.0,0.0,1.0,43.5,-265.0,225.0,-6.0,6.0,-110.0,-110.0,-110.0,-110.0,24.75,18.75,8.75,-2.25,1.7575757575757576,2.32,2,0,0,0,1,0,1,-100.0,-100.0,-100.0,325.0,190.9090909090909,190.9090909090909
3.0,September 27,1:00PM,Los Angeles Rams,,Buffalo Bills,32.0,35.0,L,478.0,2.0,375.0,2.0,0.0,46.5,108.0,-128.0,1.5,-1.5,-110.0,-110.0,-110.0,-110.0,22.5,24.0,-9.5,-11.0,2.066666666666667,1.9375,-2,-3,1,0,1,0,1,-100.0,-100.0,190.9090909090909,178.125,190.9090909090909,-100.0
3.0,September 24,8:20PM,Miami Dolphins,@,Jacksonville Jaguars,31.0,13.0,W,294.0,0.0,318.0,2.0,0.0,49.5,120.0,-140.0,2.5,-2.5,-110.0,-110.0,-110.0,-110.0,23.5,26.0,-7.5,13.0,2.106382978723404,1.9038461538461537,-2,3,0,1,0,1,0,220.0,190.9090909090909,-100.0,-100.0,-100.0,190.9090909090909
3.0,September 27,1:00PM,Minnesota Vikings,@,Tennessee Titans,30.0,31.0,L,464.0,3.0,444.0,1.0,1.0,49.5,128.0,-148.0,3.0,-3.0,-110.0,-110.0,-110.0,-110.0,23.25,26.25,-6.75,-4.75,2.129032258064516,1.8857142857142857,-2,-1,1,1,0,0,1,-100.0,190.9090909090909,190.9090909090909,167.56756756756755,-100.0,-100.0
3.0,September 27,1:00PM,New England Patriots,,Las Vegas Raiders,36.0,20.0,W,406.0,1.0,375.0,3.0,1.0,47.0,-350.0,280.0,-7.0,7.0,-110.0,-110.0,-110.0,-110.0,27.0,20.0,-9.0,0.0,1.7407407407407407,2.35,-2,0,1,1,0,1,0,128.57142857142856,190.9090909090909,190.9090909090909,-100.0,-100.0,-100.0
3.0,September 27,1:00PM,New York Giants,@,San Francisco 49ers,9.0,36.0,W,231.0,3.0,420.0,0.0,1.0,44.0,139.0,-159.0,3.0,-3.0,-110.0,-110.0,-110.0,-110.0,20.5,23.5,11.5,-12.5,2.1463414634146343,1.872340425531915,3,-3,1,0,1,0,1,-100.0,-100.0,190.9090909090909,162.89308176100627,190.9090909090909,-100.0
3.0,September 27,4:05PM,New York Jets,,Indianapolis Colts,7.0,36.0,W,260.0,3.0,353.0,0.0,0.0,44.0,470.0,-610.0,12.5,-12.5,-110.0,-110.0,-110.0,-110.0,15.75,28.25,8.75,-7.75,2.7936507936507935,1.5575221238938053,2,-2,0,0,1,0,1,-100.0,-100.0,-100.0,116.39344262295081,190.9090909090909,190.9090909090909
3.0,September 27,1:00PM,Philadelphia Eagles,,Cincinnati Bengals,23.0,23.0,T,381.0,2.0,304.0,0.0,1.0,46.5,-229.0,199.0,-5.5,5.5,-110.0,-110.0,-110.0,-110.0,26.0,20.5,3.0,-2.5,1.7884615384615385,2.268292682926829,0,0,0,0,1,0,0,-100.0,-100.0,-100.0,299.0,190.9090909090909,190.9090909090909
3.0,September 27,1:00PM,Pittsburgh Steelers,,Houston Texans,28.0,21.0,W,387.0,0.0,260.0,1.0,1.0,46.5,-198.0,173.0,-3.5,3.5,-110.0,-110.0,-110.0,-110.0,25.0,21.5,-3.0,0.5,1.86,2.1627906976744184,0,0,1,1,0,1,0,150.50505050505052,190.9090909090909,190.9090909090909,-100.0,-100.0,-100.0
3.0,September 27,4:25PM,Tampa Bay Buccaneers,@,Denver Broncos,28.0,10.0,W,353.0,0.0,226.0,2.0,0.0,42.5,-275.0,230.0,-6.0,6.0,-110.0,-110.0,-110.0,-110.0,24.25,18.25,-3.75,8.25,1.7525773195876289,2.328767123287671,-1,2,0,1,0,1,0,136.36363636363637,190.9090909090909,-100.0,-100.0,-100.0,190.9090909090909
3.0,September 27,1:00PM,Tennessee Titans,@,Minnesota Vikings,31.0,30.0,W,444.0,1.0,464.0,3.0,0.0,49.5,-148.0,128.0,-3.0,3.0,-110.0,-110.0,-110.0,-110.0,26.25,23.25,-4.75,-6.75,1.8857142857142857,2.129032258064516,-1,-2,1,0,1,1,0,167.56756756756755,-100.0,190.9090909090909,-100.0,190.9090909090909,-100.0
3.0,September 27,1:00PM,Washington Football Team,,Cleveland Browns,20.0,34.0,L,309.0,5.0,300.0,0.0,0.0,45.0,275.0,-330.0,7.5,-7.5,-110.0,-110.0,-110.0,-110.0,18.75,26.25,-1.25,-7.75,2.4,1.7142857142857142,0,-2,1,0,1,0,1,-100.0,-100.0,190.9090909090909,130.3030303030303,190.9090909090909,-100.0
3.0,September 27,8:20PM,New Orleans Saints,@,Green Bay Packers,30.0,37.0,L,397.0,1.0,369.0,0.0,1.0,52.0,-165.0,145.0,-3.5,3.5,-110.0,-110.0,-110.0,-110.0,27.75,24.25,-2.25,-12.75,1.8738738738738738,2.1443298969072164,0,-3,1,0,1,0,1,-100.0,-100.0,190.9090909090909,245.0,190.9090909090909,-100.0
3.0,September 27,1:00PM,San Francisco 49ers,@,New York Giants,36.0,9.0,L,420.0,0.0,231.0,3.0,0.0,44.0,-159.0,139.0,-3.0,3.0,-110.0,-110.0,-110.0,-110.0,23.5,20.5,-12.5,11.5,1.872340425531915,2.1463414634146343,-3,3,1,1,0,1,0,162.89308176100627,190.9090909090909,190.9090909090909,-100.0,-100.0,-100.0
4.0,October 4,1:00PM,Seattle Seahawks,@,Miami Dolphins,31.0,23.0,W,441.0,1.0,415.0,2.0,0.0,55.0,-215.0,185.0,-4.5,4.5,-110.0,-110.0,-110.0,-110.0,29.75,25.25,-1.25,2.25,1.8487394957983194,2.1782178217821784,0,0,0,1,0,1,0,146.51162790697674,190.9090909090909,-100.0,-100.0,-100.0,190.9090909090909
4.0,October 4,1:00PM,Chicago Bears,@,Indianapolis Colts,11.0,19.0,L,269.0,1.0,289.0,0.0,1.0,43.5,155.0,-175.0,3.5,-3.5,-110.0,-110.0,-110.0,-110.0,20.0,23.5,9.0,4.5,2.175,1.851063829787234,2,1,0,0,1,0,1,-100.0,-100.0,-100.0,157.14285714285714,190.9090909090909,190.9090909090909
4.0,October 4,1:00PM,Arizona Cardinals,,Carolina Panthers,21.0,31.0,L,262.0,1.0,444.0,1.0,0.0,52.5,-160.0,140.0,-3.0,3.0,-110.0,-110.0,-110.0,-110.0,27.75,24.75,6.75,-6.25,1.8918918918918919,2.121212121212121,2,-2,0,0,1,0,1,-100.0,-100.0,-100.0,240.0,190.9090909090909,190.9090909090909
4.0,October 5,8:15PM,Atlanta Falcons,,Green Bay Packers,16.0,30.0,L,327.0,0.0,403.0,0.0,0.0,56.5,192.0,-222.0,-5.0,5.0,-110.0,-110.0,-110.0,-110.0,25.75,30.75,9.75,0.75,2.1941747572815533,1.8373983739837398,2,0,0,0,1,0,1,-100.0,-100.0,-100.0,145.04504504504504,190.9090909090909,190.9090909090909
4.0,October 4,1:00PM,Baltimore Ravens,@,Washington Football Team,31.0,17.0,W,350.0,2.0,343.0,1.0,0.0,45.0,-955.0,675.0,-14.5,14.5,-110.0,-110.0,-110.0,-110.0,29.75,15.25,-1.25,-1.75,1.5126050420168067,2.9508196721311477,0,0,1,0,1,1,0,110.47120418848168,-100.0,190.9090909090909,-100.0,190.9090909090909,-100.0
4.0,October 4,4:25PM,Buffalo Bills,@,Las Vegas Raiders,30.0,23.0,W,337.0,0.0,383.0,2.0,0.0,53.0,-175.0,155.0,-3.0,3.0,-110.0,-110.0,-110.0,-110.0,28.0,25.0,-2.0,2.0,1.8928571428571428,2.12,0,0,,1,0,1,0,157.14285714285714,190.9090909090909,-100.0,-100.0,-100.0,-100.0
4.0,October 4,1:00PM,Carolina Panthers,,Arizona Cardinals,31.0,21.0,W,444.0,1.0,262.0,1.0,1.0,52.5,140.0,-160.0,3.0,-3.0,-110.0,-110.0,-110.0,-110.0,24.75,27.75,-6.25,6.75,2.121212121212121,1.8918918918918919,-2,2,0,1,0,1,0,240.0,190.9090909090909,-100.0,-100.0,-100.0,190.9090909090909
4.0,October 4,1:00PM,Cincinnati Bengals,,Jacksonville Jaguars,33.0,25.0,W,505.0,1.0,429.0,1.0,1.0,50.0,-120.0,100.0,-1.0,1.0,-110.0,-110.0,-110.0,-110.0,25.5,24.5,-7.5,-0.5,1.9607843137254901,2.0408163265306123,-2,0,1,1,0,1,0,183.33333333333334,190.9090909090909,190.9090909090909,-100.0,-100.0,-100.0
4.0,October 4,1:00PM,Cleveland Browns,@,Dallas Cowboys,49.0,38.0,W,508.0,0.0,566.0,3.0,0.0,56.5,155.0,-175.0,3.5,-3.5,-110.0,-110.0,-110.0,-110.0,26.5,30.0,-22.5,-8.0,2.1320754716981134,1.8833333333333333,-1,-2,1,1,0,1,0,255.0,190.9090909090909,190.9090909090909,-100.0,-100.0,-100.0
4.0,October 4,1:00PM,Dallas Cowboys,@,Cleveland Browns,38.0,49.0,L,566.0,3.0,508.0,0.0,1.0,56.5,-175.0,155.0,-3.5,3.5,-110.0,-110.0,-110.0,-110.0,30.0,26.5,-8.0,-22.5,1.8833333333333333,2.1320754716981134,-2,-1,1,0,1,0,1,-100.0,-100.0,190.9090909090909,255.0,190.9090909090909,-100.0
4.0,October 1,8:20PM,Denver Broncos,@,New York Jets,37.0,28.0,W,359.0,3.0,321.0,0.0,0.0,41.0,-101.0,-119.0,1.0,-1.0,-110.0,-110.0,-110.0,-110.0,21.0,21.0,-16.0,-7.0,1.9523809523809523,1.9523809523809523,-1,-2,1,1,0,1,0,199.00990099009903,190.9090909090909,190.9090909090909,-100.0,-100.0,-100.0
4.0,October 4,1:00PM,Detroit Lions,@,New Orleans Saints,29.0,35.0,L,281.0,1.0,392.0,1.0,1.0,51.5,132.0,-152.0,3.0,-3.0,-110.0,-110.0,-110.0,-110.0,24.25,27.25,-4.75,-7.75,2.1237113402061856,1.889908256880734,-1,-2,1,0,1,0,1,-100.0,-100.0,190.9090909090909,165.78947368421052,190.9090909090909,-100.0
4.0,October 5,8:15PM,Green Bay Packers,,Atlanta Falcons,30.0,16.0,W,403.0,0.0,327.0,0.0,1.0,56.5,-222.0,192.0,-5.0,5.0,-110.0,-110.0,-110.0,-110.0,30.75,25.75,0.75,9.75,1.8373983739837398,2.1941747572815533,0,2,0,1,0,1,0,145.04504504504504,190.9090909090909,-100.0,-100.0,-100.0,190.9090909090909
4.0,October 4,1:00PM,Houston Texans,@,Minnesota Vikings,23.0,31.0,L,386.0,1.0,410.0,0.0,1.0,52.5,-170.0,150.0,-3.5,3.5,-110.0,-110.0,-110.0,-110.0,28.0,24.5,5.0,-6.5,1.875,2.142857142857143,1,-2,1,0,1,0,1,-100.0,-100.0,190.9090909090909,250.0,190.9090909090909,-100.0
4.0,October 4,1:00PM,Indianapolis Colts,@,Chicago Bears,19.0,11.0,W,289.0,0.0,269.0,1.0,0.0,43.5,-175.0,155.0,-3.5,3.5,-110.0,-110.0,-110.0,-110.0,23.5,20.0,4.5,9.0,1.851063829787234,2.175,1,2,0,1,0,1,0,157.14285714285714,190.9090909090909,-100.0,-100.0,-100.0,190.9090909090909
4.0,October 4,1:00PM,Jacksonville Jaguars,,Cincinnati Bengals,25.0,33.0,L,429.0,1.0,505.0,1.0,0.0,50.0,100.0,-120.0,1.0,-1.0,-110.0,-110.0,-110.0,-110.0,24.5,25.5,-0.5,-7.5,2.0408163265306123,1.9607843137254901,0,-2,1,0,1,0,1,-100.0,-100.0,190.9090909090909,183.33333333333334,190.9090909090909,-100.0
4.0,October 5,7:05PM,Kansas City Chiefs,,New England Patriots,26.0,10.0,W,323.0,1.0,357.0,4.0,1.0,48.5,-700.0,520.0,-11.0,11.0,-110.0,-110.0,-110.0,-110.0,29.75,18.75,3.75,8.75,1.6302521008403361,2.5866666666666664,1,2,0,1,0,1,0,114.28571428571428,190.9090909090909,-100.0,-100.0,-100.0,190.9090909090909
4.0,October 4,4:25PM,Las Vegas Raiders,@,Buffalo Bills,23.0,30.0,L,383.0,2.0,337.0,0.0,1.0,53.0,155.0,-175.0,3.0,-3.0,-110.0,-110.0,-110.0,-110.0,25.0,28.0,2.0,-2.0,2.12,1.8928571428571428,0,0,,0,1,0,1,-100.0,-100.0,-100.0,157.14285714285714,190.9090909090909,-100.0
4.0,October 4,1:00PM,Los Angeles Chargers,,Tampa Bay Buccaneers,31.0,38.0,L,324.0,2.0,484.0,1.0,0.0,42.5,290.0,-360.0,7.5,-7.5,-110.0,-110.0,-110.0,-110.0,17.5,25.0,-13.5,-13.0,2.4285714285714284,1.7,-3,-3,1,1,0,0,1,-100.0,190.9090909090909,190.9090909090909,127.77777777777777,-100.0,-100.0
4.0,October 4,4:05PM,Los Angeles Rams,,New York Giants,17.0,9.0,L,240.0,1.0,295.0,1.0,1.0,50.0,-900.0,640.0,-13.5,13.5,-110.0,-110.0,-110.0,-110.0,31.75,18.25,14.75,9.25,1.5748031496062993,2.73972602739726,4,2,0,0,1,1,0,111.11111111111111,-100.0,-100.0,-100.0,190.9090909090909,190.9090909090909
4.0,October 4,1:00PM,Miami Dolphins,@,Seattle Seahawks,23.0,31.0,L,415.0,2.0,441.0,1.0,1.0,55.0,185.0,-215.0,4.5,-4.5,-110.0,-110.0,-110.0,-110.0,25.25,29.75,2.25,-1.25,2.1782178217821784,1.8487394957983194,0,0,0,0,1,0,1,-100.0,-100.0,-100.0,146.51162790697674,190.9090909090909,190.9090909090909
4.0,October 4,1:00PM,Minnesota Vikings,@,Houston Texans,31.0,23.0,W,410.0,0.0,386.0,1.0,0.0,52.5,150.0,-170.0,3.5,-3.5,-110.0,-110.0,-110.0,-110.0,24.5,28.0,-6.5,5.0,2.142857142857143,1.875,-2,1,1,1,0,1,0,250.0,190.9090909090909,190.9090909090909,-100.0,-100.0,-100.0
4.0,October 5,7:05PM,New England Patriots,,Kansas City Chiefs,10.0,26.0,L,357.0,4.0,323.0,1.0,0.0,48.5,520.0,-700.0,11.0,-11.0,-110.0,-110.0,-110.0,-110.0,18.75,29.75,8.75,3.75,2.5866666666666664,1.6302521008403361,2,1,0,0,1,0,1,-100.0,-100.0,-100.0,114.28571428571428,190.9090909090909,190.9090909090909
4.0,October 4,4:05PM,New York Giants,,Los Angeles Rams,9.0,17.0,W,295.0,1.0,240.0,1.0,0.0,50.0,640.0,-900.0,13.5,-13.5,-110.0,-110.0,-110.0,-110.0,18.25,31.75,9.25,14.75,2.73972602739726,1.5748031496062993,2,4,0,1,0,0,1,-100.0,190.9090909090909,-100.0,111.11111111111111,-100.0,190.9090909090909
4.0,October 1,8:20PM,New York Jets,@,Denver Broncos,28.0,37.0,L,321.0,0.0,359.0,3.0,1.0,41.0,-119.0,-101.0,-1.0,1.0,-110.0,-110.0,-110.0,-110.0,21.0,21.0,-7.0,-16.0,1.9523809523809523,1.9523809523809523,-2,-1,1,0,1,0,1,-100.0,-100.0,190.9090909090909,199.00990099009903,190.9090909090909,-100.0
4.0,October 4,8:20PM,Philadelphia Eagles,@,San Francisco 49ers,25.0,20.0,W,267.0,1.0,417.0,3.0,0.0,45.5,285.0,-340.0,8.5,-8.5,-110.0,-110.0,-110.0,-110.0,18.5,27.0,-6.5,7.0,2.4594594594594597,1.6851851851851851,-2,2,0,1,0,1,0,385.0,190.9090909090909,-100.0,-100.0,-100.0,190.9090909090909
4.0,October 4,1:00PM,Tampa Bay Buccaneers,,Los Angeles Chargers,38.0,31.0,W,484.0,1.0,324.0,2.0,1.0,42.5,-360.0,290.0,-7.5,7.5,-110.0,-110.0,-110.0,-110.0,25.0,17.5,-13.0,-13.5,1.7,2.4285714285714284,-3,-3,1,0,1,1,0,127.77777777777777,-100.0,190.9090909090909,-100.0,190.9090909090909,-100.0
4.0,October 4,1:00PM,Washington Football Team,@,Baltimore Ravens,17.0,31.0,L,343.0,1.0,350.0,2.0,1.0,45.0,675.0,-955.0,14.5,-14.5,-110.0,-110.0,-110.0,-110.0,15.25,29.75,-1.75,-1.25,2.9508196721311477,1.5126050420168067,0,0,1,1,0,0,1,-100.0,190.9090909090909,190.9090909090909,110.47120418848168,-100.0,-100.0
4.0,October 4,1:00PM,New Orleans Saints,@,Detroit Lions,35.0,29.0,W,392.0,1.0,281.0,1.0,0.0,51.5,-152.0,132.0,-3.0,3.0,-110.0,-110.0,-110.0,-110.0,27.25,24.25,-7.75,-4.75,1.889908256880734,2.1237113402061856,-2,-1,1,1,0,1,0,165.78947368421052,190.9090909090909,190.9090909090909,-100.0,-100.0,-100.0
4.0,October 4,8:20PM,San Francisco 49ers,@,Philadelphia Eagles,20.0,25.0,L,417.0,3.0,267.0,1.0,1.0,45.5,-340.0,285.0,-8.5,8.5,-110.0,-110.0,-110.0,-110.0,27.0,18.5,7.0,-6.5,1.6851851851851851,2.4594594594594597,2,-2,0,0,1,0,1,-100.0,-100.0,-100.0,385.0,190.9090909090909,190.9090909090909
,,,,,,,,,,,,,,,,,,,-110.0,-110.0,-110.0,-110.0,,,,,,,0,0,,0,0,0,0,-100.0,-100.0,-100.0,-100.0,190.9090909090909,-100.0
,,,,,,,,,,,,,,,,,,,-110.0,-110.0,-110.0,-110.0,,,,,,,0,0,,0,0,0,0,-100.0,-100.0,-100.0,-100.0,190.9090909090909,-100.0
5.0,October 11,8:20PM,Seattle Seahawks,,Minnesota Vikings,27.0,26.0,W,314.0,1.0,449.0,2.0,1.0,54.0,-300.0,250.0,-6.5,6.5,-110.0,-110.0,-110.0,-110.0,30.25,23.75,3.25,-2.25,1.7851239669421488,2.2736842105263158,1,0,0,0,1,1,0,133.33333333333331,-100.0,-100.0,-100.0,190.9090909090909,190.9090909090909
5.0,October 11,4:05PM,San Francisco 49ers,@,Miami Dolphins,17.0,43.0,L,259.0,3.0,436.0,0.0,1.0,50.5,-385.0,315.0,-8.5,8.5,-110.0,-110.0,-110.0,-110.0,29.5,21.0,12.5,-22.0,1.7118644067796611,2.4047619047619047,3,-1,1,0,1,0,1,-100.0,-100.0,190.9090909090909,415.0,190.9090909090909,-100.0
5.0,October 8,8:20PM,Chicago Bears,,Tampa Bay Buccaneers,20.0,19.0,W,243.0,1.0,339.0,1.0,1.0,44.0,-210.0,180.0,3.5,-3.5,-110.0,-110.0,-110.0,-110.0,23.75,20.25,3.75,1.25,1.8526315789473684,2.1728395061728394,1,0,0,1,0,1,0,147.61904761904762,190.9090909090909,-100.0,-100.0,-100.0,190.9090909090909
5.0,October 11,1:00PM,Arizona Cardinals,@,New York Jets,30.0,10.0,W,496.0,1.0,285.0,0.0,0.0,48.5,-315.0,265.0,-7.0,7.0,-110.0,-110.0,-110.0,-110.0,27.75,20.75,-2.25,10.75,1.7477477477477477,2.3373493975903616,0,3,0,1,0,1,0,131.74603174603175,190.9090909090909,-100.0,-100.0,-100.0,190.9090909090909
5.0,October 11,1:00PM,Atlanta Falcons,@,Carolina Panthers,16.0,23.0,L,373.0,1.0,437.0,0.0,1.0,53.5,-150.0,130.0,-2.5,2.5,-110.0,-110.0,-110.0,-110.0,28.0,25.5,12.0,2.5,1.9107142857142858,2.0980392156862746,3,0,0,0,1,0,1,-100.0,-100.0,-100.0,230.0,190.9090909090909,190.9090909090909
5.0,October 11,1:00PM,Baltimore Ravens,,Cincinnati Bengals,27.0,3.0,L,332.0,1.0,205.0,3.0,1.0,49.0,-700.0,520.0,-12.5,12.5,-110.0,-110.0,-110.0,-110.0,30.75,18.25,3.75,15.25,1.5934959349593496,2.684931506849315,1,4,0,1,0,1,0,114.28571428571428,190.9090909090909,-100.0,-100.0,-100.0,190.9090909090909
5.0,October 13,7:00PM,Buffalo Bills,,Tennessee Titans,16.0,42.0,L,370.0,3.0,334.0,0.0,0.0,52.0,-165.0,145.0,-3.0,3.0,-110.0,-110.0,-110.0,-110.0,27.5,24.5,11.5,-17.5,1.8909090909090909,2.122448979591837,3,-1,1,0,1,0,1,-100.0,-100.0,190.9090909090909,245.0,190.9090909090909,-100.0
5.0,October 11,1:00PM,Carolina Panthers,@,Atlanta Falcons,23.0,16.0,W,437.0,0.0,373.0,1.0,0.0,53.5,130.0,-150.0,2.5,-2.5,-110.0,-110.0,-110.0,-110.0,25.5,28.0,2.5,12.0,2.0980392156862746,1.9107142857142858,0,3,0,1,0,1,0,230.0,190.9090909090909,-100.0,-100.0,-100.0,190.9090909090909
5.0,October 11,1:00PM,Cincinnati Bengals,,Baltimore Ravens,3.0,27.0,W,205.0,3.0,332.0,1.0,0.0,49.0,520.0,-700.0,12.5,-12.5,-110.0,-110.0,-110.0,-110.0,18.25,30.75,15.25,3.75,2.684931506849315,1.5934959349593496,4,1,0,0,1,0,1,-100.0,-100.0,-100.0,114.28571428571428,190.9090909090909,190.9090909090909
5.0,October 11,4:25PM,Cleveland Browns,,Indianapolis Colts,32.0,23.0,W,385.0,2.0,308.0,2.0,1.0,48.5,-122.0,102.0,-1.0,1.0,-110.0,-110.0,-110.0,-110.0,24.75,23.75,-7.25,0.75,1.9595959595959596,2.042105263157895,-2,0,1,1,0,1,0,181.9672131147541,190.9090909090909,190.9090909090909,-100.0,-100.0,-100.0
5.0,October 11,4:25PM,Dallas Cowboys,,New York Giants,37.0,34.0,W,402.0,2.0,300.0,1.0,1.0,52.0,-430.0,350.0,-7.5,7.5,-110.0,-110.0,-110.0,-110.0,29.75,22.25,-7.25,-11.75,1.7478991596638656,2.337078651685393,-2,-3,1,0,1,1,0,123.25581395348837,-100.0,190.9090909090909,-100.0,190.9090909090909,-100.0
5.0,October 11,1:00PM,Houston Texans,,Jacksonville Jaguars,30.0,14.0,W,486.0,2.0,364.0,2.0,1.0,55.0,-285.0,240.0,-6.5,6.5,-110.0,-110.0,-110.0,-110.0,30.75,24.25,0.75,10.25,1.7886178861788617,2.268041237113402,0,3,0,1,0,1,0,135.08771929824562,190.9090909090909,-100.0,-100.0,-100.0,190.9090909090909
5.0,October 11,4:25PM,Indianapolis Colts,,Cleveland Browns,23.0,32.0,L,308.0,2.0,385.0,2.0,0.0,48.5,102.0,-122.0,1.0,-1.0,-110.0,-110.0,-110.0,-110.0,23.75,24.75,0.75,-7.25,2.042105263157895,1.9595959595959596,0,-2,1,0,1,0,1,-100.0,-100.0,190.9090909090909,181.9672131147541,190.9090909090909,-100.0
5.0,October 11,1:00PM,Jacksonville Jaguars,,Houston Texans,14.0,30.0,L,364.0,2.0,486.0,2.0,0.0,55.0,240.0,-285.0,6.5,-6.5,-110.0,-110.0,-110.0,-110.0,24.25,30.75,10.25,0.75,2.268041237113402,1.7886178861788617,3,0,0,0,1,0,1,-100.0,-100.0,-100.0,135.08771929824562,190.9090909090909,190.9090909090909
5.0,October 11,1:00PM,Kansas City Chiefs,@,Las Vegas Raiders,32.0,40.0,L,413.0,1.0,490.0,1.0,1.0,54.5,-530.0,425.0,-11.0,11.0,-110.0,-110.0,-110.0,-110.0,32.75,21.75,0.75,-18.25,1.6641221374045803,2.5057471264367814,0,-1,1,0,1,0,1,-100.0,-100.0,190.9090909090909,525.0,190.9090909090909,-100.0
5.0,October 11,1:00PM,Las Vegas Raiders,@,Kansas City Chiefs,40.0,32.0,W,490.0,1.0,413.0,1.0,0.0,54.5,425.0,-530.0,11.0,-11.0,-110.0,-110.0,-110.0,-110.0,21.75,32.75,-18.25,0.75,2.5057471264367814,1.6641221374045803,-1,0,1,1,0,1,0,525.0,190.9090909090909,190.9090909090909,-100.0,-100.0,-100.0
5.0,October 12,8:15PM,Los Angeles Chargers,,New Orleans Saints,27.0,30.0,L,350.0,0.0,408.0,1.0,0.0,49.5,275.0,-330.0,7.0,-7.0,-110.0,-110.0,-110.0,-110.0,21.25,28.25,-5.75,-1.75,2.3294117647058825,1.752212389380531,-1,0,1,1,0,0,1,-100.0,190.9090909090909,190.9090909090909,130.3030303030303,-100.0,-100.0
5.0,October 11,1:00PM,Los Angeles Rams,@,Washington Football Team,30.0,10.0,W,429.0,1.0,108.0,0.0,0.0,45.0,-360.0,290.0,-7.0,7.0,-110.0,-110.0,-110.0,-110.0,26.0,19.0,-4.0,9.0,1.7307692307692308,2.3684210526315788,-1,2,0,1,0,1,0,127.77777777777777,190.9090909090909,-100.0,-100.0,-100.0,190.9090909090909
5.0,October 11,4:05PM,Miami Dolphins,@,San Francisco 49ers,43.0,17.0,W,436.0,0.0,259.0,3.0,0.0,50.5,315.0,-385.0,8.5,-8.5,-110.0,-110.0,-110.0,-110.0,21.0,29.5,-22.0,12.5,2.4047619047619047,1.7118644067796611,-1,3,1,1,0,1,0,415.0,190.9090909090909,190.9090909090909,-100.0,-100.0,-100.0
5.0,October 11,8:20PM,Minnesota Vikings,,Seattle Seahawks,26.0,27.0,L,449.0,2.0,314.0,1.0,0.0,54.0,250.0,-300.0,6.5,-6.5,-110.0,-110.0,-110.0,-110.0,23.75,30.25,-2.25,3.25,2.2736842105263158,1.7851239669421488,0,1,0,1,0,0,1,-100.0,190.9090909090909,-100.0,133.33333333333331,-100.0,190.9090909090909
5.0,October 11,4:25PM,New York Giants,,Dallas Cowboys,34.0,37.0,L,300.0,1.0,402.0,2.0,0.0,52.0,350.0,-430.0,7.5,-7.5,-110.0,-110.0,-110.0,-110.0,22.25,29.75,-11.75,-7.25,2.337078651685393,1.7478991596638656,-3,-2,1,1,0,0,1,-100.0,190.9090909090909,190.9090909090909,123.25581395348837,-100.0,-100.0
5.0,October 11,1:00PM,New York Jets,@,Arizona Cardinals,10.0,30.0,L,285.0,0.0,496.0,1.0,1.0,48.5,265.0,-315.0,7.0,-7.0,-110.0,-110.0,-110.0,-110.0,20.75,27.75,10.75,-2.25,2.3373493975903616,1.7477477477477477,3,0,0,0,1,0,1,-100.0,-100.0,-100.0,131.74603174603175,190.9090909090909,190.9090909090909
5.0,October 11,1:00PM,Philadelphia Eagles,,Pittsburgh Steelers,29.0,38.0,L,336.0,2.0,367.0,1.0,0.0,44.0,300.0,-370.0,7.5,-7.5,-110.0,-110.0,-110.0,-110.0,18.25,25.75,-10.75,-12.25,2.410958904109589,1.7087378640776698,-3,-3,1,0,1,0,1,-100.0,-100.0,190.9090909090909,127.02702702702703,190.9090909090909,-100.0
5.0,October 11,1:00PM,Pittsburgh Steelers,,Philadelphia Eagles,38.0,29.0,W,367.0,1.0,336.0,2.0,1.0,44.0,-370.0,300.0,-7.5,7.5,-110.0,-110.0,-110.0,-110.0,25.75,18.25,-12.25,-10.75,1.7087378640776698,2.410958904109589,-3,-3,1,1,0,1,0,127.02702702702703,190.9090909090909,190.9090909090909,-100.0,-100.0,-100.0
5.0,October 8,8:20PM,Tampa Bay Buccaneers,,Chicago Bears,19.0,20.0,L,339.0,1.0,243.0,1.0,0.0,44.0,-210.0,180.0,-3.5,3.5,-110.0,-110.0,-110.0,-110.0,23.75,20.25,4.75,0.25,1.8526315789473684,2.1728395061728394,1,0,0,0,1,0,1,-100.0,-100.0,-100.0,280.0,190.9090909090909,190.9090909090909
5.0,October 13,7:00PM,Tennessee Titans,,Buffalo Bills,42.0,16.0,W,334.0,0.0,370.0,3.0,1.0,52.0,145.0,-165.0,3.0,-3.0,-110.0,-110.0,-110.0,-110.0,24.5,27.5,-17.5,11.5,2.122448979591837,1.8909090909090909,-1,3,1,1,0,1,0,245.0,190.9090909090909,190.9090909090909,-100.0,-100.0,-100.0
5.0,October 11,1:00PM,Washington Football Team,@,Los Angeles Rams,10.0,30.0,L,108.0,0.0,429.0,1.0,1.0,45.0,290.0,-360.0,-7.0,7.0,-110.0,-110.0,-110.0,-110.0,19.0,26.0,9.0,-4.0,2.3684210526315788,1.7307692307692308,2,-1,0,0,1,0,1,-100.0,-100.0,-100.0,127.77777777777777,190.9090909090909,190.9090909090909
5.0,October 12,8:15PM,New Orleans Saints,,Los Angeles Chargers,30.0,27.0,W,408.0,1.0,350.0,0.0,1.0,49.5,-330.0,275.0,-7.0,7.0,-110.0,-110.0,-110.0,-110.0,28.25,21.25,-1.75,-5.75,1.752212389380531,2.3294117647058825,0,-1,1,0,1,1,0,130.3030303030303,-100.0,190.9090909090909,-100.0,190.9090909090909,-100.0
,,,,,,,,,,,,,,,,,,,-110.0,-110.0,-110.0,-110.0,,,,,,,0,0,,0,0,0,0,-100.0,-100.0,-100.0,-100.0,190.9090909090909,-100.0
,,,,,,,,,,,,,,,,,,,-110.0,-110.0,-110.0,-110.0,,,,,,,0,0,,0,0,0,0,-100.0,-100.0,-100.0,-100.0,190.9090909090909,-100.0
,,,,,,,,,,,,,,,,,,,-110.0,-110.0,-110.0,-110.0,,,,,,,0,0,,0,0,0,0,-100.0,-100.0,-100.0,-100.0,190.9090909090909,-100.0
,,,,,,,,,,,,,,,,,,,-110.0,-110.0,-110.0,-110.0,,,,,,,0,0,,0,0,0,0,-100.0,-100.0,-100.0,-100.0,190.9090909090909,-100.0
6.0,October 18,8:20PM,San Francisco 49ers,,Los Angeles Rams,24.0,16.0,W,390.0,0.0,311.0,1.0,1.0,51.0,110.0,-130.0,2.0,-2.0,-110.0,-110.0,-110.0,-110.0,24.5,26.5,0.5,10.5,2.0816326530612246,1.9245283018867925,0,3,0,1,0,1,0,210.0,190.9090909090909,-100.0,-100.0,-100.0,190.9090909090909
6.0,October 18,1:00PM,Chicago Bears,@,Carolina Panthers,23.0,16.0,W,261.0,1.0,303.0,3.0,0.0,45.0,107.0,-127.0,2.0,-2.0,-110.0,-110.0,-110.0,-110.0,21.5,23.5,-1.5,7.5,2.0930232558139537,1.9148936170212767,0,2,0,1,0,1,0,207.0,190.9090909090909,-100.0,-100.0,-100.0,190.9090909090909
6.0,October 19,8:15PM,Arizona Cardinals,@,Dallas Cowboys,38.0,10.0,W,438.0,0.0,344.0,4.0,0.0,55.5,-105.0,-115.0,1.0,-1.0,-110.0,-110.0,-110.0,-110.0,28.25,28.25,-9.75,18.25,1.9646017699115044,1.9646017699115044,-2,4,0,1,0,1,0,195.23809523809524,190.9090909090909,-100.0,-100.0,-100.0,190.9090909090909
6.0,October 18,1:00PM,Atlanta Falcons,@,Minnesota Vikings,40.0,23.0,W,462.0,1.0,365.0,3.0,0.0,53.5,163.0,-183.0,3.5,-3.5,-110.0,-110.0,-110.0,-110.0,25.0,28.5,-15.0,5.5,2.14,1.8771929824561404,-1,1,1,1,0,1,0,263.0,190.9090909090909,190.9090909090909,-100.0,-100.0,-100.0
6.0,October 18,1:00PM,Baltimore Ravens,@,Philadelphia Eagles,30.0,28.0,W,355.0,0.0,364.0,1.0,0.0,46.5,-425.0,345.0,-10.5,10.5,-110.0,-110.0,-110.0,-110.0,28.5,18.0,-1.5,-10.0,1.631578947368421,2.5833333333333335,0,-2,1,0,1,1,0,123.52941176470588,-100.0,190.9090909090909,-100.0,190.9090909090909,-100.0
6.0,October 19,5:00PM,Buffalo Bills,@,Kansas City Chiefs,17.0,26.0,L,206.0,1.0,466.0,1.0,1.0,55.0,205.0,-245.0,5.5,-5.5,-110.0,-110.0,-110.0,-110.0,24.75,30.25,7.75,4.25,2.2222222222222223,1.8181818181818181,2,1,0,0,1,0,1,-100.0,-100.0,-100.0,140.81632653061223,190.9090909090909,190.9090909090909
6.0,October 18,1:00PM,Carolina Panthers,@,Chicago Bears,16.0,23.0,L,303.0,3.0,261.0,1.0,1.0,45.0,-127.0,107.0,-2.0,2.0,-110.0,-110.0,-110.0,-110.0,23.5,21.5,7.5,-1.5,1.9148936170212767,2.0930232558139537,2,0,0,0,1,0,1,-100.0,-100.0,-100.0,207.0,190.9090909090909,190.9090909090909
6.0,October 18,1:00PM,Cincinnati Bengals,,Indianapolis Colts,27.0,31.0,L,398.0,1.0,430.0,2.0,0.0,46.0,280.0,-350.0,7.5,-7.5,-110.0,-110.0,-110.0,-110.0,19.25,26.75,-7.75,-4.25,2.3896103896103895,1.719626168224299,-2,-1,1,1,0,0,1,-100.0,190.9090909090909,190.9090909090909,128.57142857142856,-100.0,-100.0
6.0,October 18,1:00PM,Cleveland Browns,,Pittsburgh Steelers,7.0,38.0,W,220.0,2.0,277.0,0.0,0.0,50.0,135.0,-155.0,3.0,-3.0,-110.0,-110.0,-110.0,-110.0,23.5,26.5,16.5,-11.5,2.127659574468085,1.8867924528301887,4,-3,0,0,1,0,1,-100.0,-100.0,-100.0,164.51612903225805,190.9090909090909,190.9090909090909
6.0,October 19,8:15PM,Dallas Cowboys,@,Arizona Cardinals,10.0,38.0,L,344.0,4.0,438.0,0.0,1.0,55.5,-115.0,-105.0,-1.0,1.0,-110.0,-110.0,-110.0,-110.0,28.25,28.25,18.25,-9.75,1.9646017699115044,1.9646017699115044,4,-2,0,0,1,0,1,-100.0,-100.0,-100.0,195.23809523809524,190.9090909090909,190.9090909090909
6.0,October 18,1:00PM,Denver Broncos,@,New England Patriots,18.0,12.0,W,299.0,2.0,288.0,3.0,0.0,43.5,270.0,-325.0,7.0,-7.0,-110.0,-110.0,-110.0,-110.0,18.25,25.25,0.25,13.25,2.3835616438356166,1.7227722772277227,0,3,0,1,0,1,0,370.0,190.9090909090909,-100.0,-100.0,-100.0,190.9090909090909
6.0,October 18,1:00PM,Detroit Lions,@,Jacksonville Jaguars,34.0,16.0,W,403.0,1.0,275.0,2.0,0.0,52.5,-155.0,135.0,-3.0,3.0,-110.0,-110.0,-110.0,-110.0,27.75,24.75,-6.25,8.75,1.8918918918918919,2.121212121212121,-2,2,0,1,0,1,0,164.51612903225805,190.9090909090909,-100.0,-100.0,-100.0,190.9090909090909
6.0,October 18,4:25PM,Green Bay Packers,,Tampa Bay Buccaneers,10.0,38.0,L,201.0,2.0,324.0,0.0,0.0,55.0,-150.0,130.0,-3.0,3.0,-110.0,-110.0,-110.0,-110.0,29.0,26.0,19.0,-12.0,1.896551724137931,2.1153846153846154,4,-3,0,0,1,0,1,-100.0,-100.0,-100.0,230.0,190.9090909090909,190.9090909090909
6.0,October 18,1:00PM,Houston Texans,,Tennessee Titans,36.0,42.0,L,412.0,0.0,607.0,2.0,0.0,52.0,170.0,-195.0,4.0,-4.0,-110.0,-110.0,-110.0,-110.0,24.0,28.0,-12.0,-14.0,2.1666666666666665,1.8571428571428572,-3,-3,1,0,1,0,1,-100.0,-100.0,190.9090909090909,151.28205128205127,190.9090909090909,-100.0
6.0,October 18,1:00PM,Indianapolis Colts,,Cincinnati Bengals,31.0,27.0,W,430.0,2.0,398.0,1.0,1.0,46.0,-350.0,280.0,-7.5,7.5,-110.0,-110.0,-110.0,-110.0,26.75,19.25,-4.25,-7.75,1.719626168224299,2.3896103896103895,-1,-2,1,0,1,1,0,128.57142857142856,-100.0,190.9090909090909,-100.0,190.9090909090909,-100.0
6.0,October 18,1:00PM,Jacksonville Jaguars,@,Detroit Lions,16.0,34.0,L,275.0,2.0,403.0,1.0,1.0,52.5,135.0,-155.0,3.0,-3.0,-110.0,-110.0,-110.0,-110.0,24.75,27.75,8.75,-6.25,2.121212121212121,1.8918918918918919,2,-2,0,0,1,0,1,-100.0,-100.0,-100.0,164.51612903225805,190.9090909090909,190.9090909090909
6.0,October 19,5:00PM,Kansas City Chiefs,@,Buffalo Bills,26.0,17.0,W,466.0,1.0,206.0,1.0,0.0,55.0,-245.0,205.0,-5.5,5.5,-110.0,-110.0,-110.0,-110.0,30.25,24.75,4.25,7.75,1.8181818181818181,2.2222222222222223,1,2,0,1,0,1,0,140.81632653061223,190.9090909090909,-100.0,-100.0,-100.0,190.9090909090909
6.0,October 18,8:20PM,Los Angeles Rams,,San Francisco 49ers,16.0,24.0,L,311.0,1.0,390.0,0.0,0.0,51.0,-130.0,110.0,-2.0,2.0,-110.0,-110.0,-110.0,-110.0,26.5,24.5,10.5,0.5,1.9245283018867925,2.0816326530612246,3,0,0,0,1,0,1,-100.0,-100.0,-100.0,210.0,190.9090909090909,190.9090909090909
6.0,October 18,4:05PM,Miami Dolphins,,New York Jets,24.0,0.0,W,302.0,2.0,263.0,1.0,1.0,46.0,-370.0,300.0,-10.0,10.0,-110.0,-110.0,-110.0,-110.0,28.0,18.0,4.0,18.0,1.6428571428571428,2.5555555555555554,1,4,0,1,0,1,0,127.02702702702703,190.9090909090909,-100.0,-100.0,-100.0,190.9090909090909
6.0,October 18,1:00PM,Minnesota Vikings,@,Atlanta Falcons,23.0,40.0,L,365.0,3.0,462.0,1.0,1.0,53.5,-183.0,163.0,-3.5,3.5,-110.0,-110.0,-110.0,-110.0,28.5,25.0,5.5,-15.0,1.8771929824561404,2.14,1,-1,1,0,1,0,1,-100.0,-100.0,190.9090909090909,263.0,190.9090909090909,-100.0
6.0,October 18,1:00PM,New England Patriots,@,Denver Broncos,12.0,18.0,L,288.0,3.0,299.0,2.0,1.0,43.5,-325.0,270.0,-7.0,7.0,-110.0,-110.0,-110.0,-110.0,25.25,18.25,13.25,0.25,1.7227722772277227,2.3835616438356166,3,0,0,0,1,0,1,-100.0,-100.0,-100.0,370.0,190.9090909090909,190.9090909090909
6.0,October 18,1:00PM,New York Giants,,Washington Football Team,20.0,19.0,W,240.0,1.0,337.0,2.0,1.0,42.5,-130.0,110.0,-2.0,2.0,-110.0,-110.0,-110.0,-110.0,22.25,20.25,2.25,1.25,1.9101123595505618,2.0987654320987654,0,0,0,0,1,1,0,176.92307692307693,-100.0,-100.0,-100.0,190.9090909090909,190.9090909090909
6.0,October 18,4:05PM,New York Jets,,Miami Dolphins,0.0,24.0,L,263.0,1.0,302.0,2.0,0.0,46.0,300.0,-370.0,10.0,-10.0,-110.0,-110.0,-110.0,-110.0,18.0,28.0,18.0,4.0,2.5555555555555554,1.6428571428571428,4,1,0,0,1,0,1,-100.0,-100.0,-100.0,127.02702702702703,190.9090909090909,190.9090909090909
6.0,October 18,1:00PM,Philadelphia Eagles,@,Baltimore Ravens,28.0,30.0,L,364.0,1.0,355.0,0.0,1.0,46.5,345.0,-425.0,10.5,-10.5,-110.0,-110.0,-110.0,-110.0,18.0,28.5,-10.0,-1.5,2.5833333333333335,1.631578947368421,-2,0,1,1,0,0,1,-100.0,190.9090909090909,190.9090909090909,123.52941176470588,-100.0,-100.0
6.0,October 18,1:00PM,Pittsburgh Steelers,,Cleveland Browns,38.0,7.0,L,277.0,0.0,220.0,2.0,1.0,50.0,-155.0,135.0,-3.0,3.0,-110.0,-110.0,-110.0,-110.0,26.5,23.5,-11.5,16.5,1.8867924528301887,2.127659574468085,-3,4,0,1,0,1,0,164.51612903225805,190.9090909090909,-100.0,-100.0,-100.0,190.9090909090909
6.0,October 18,4:25PM,Tampa Bay Buccaneers,,Green Bay Packers,38.0,10.0,W,324.0,0.0,201.0,2.0,1.0,55.0,130.0,-150.0,3.0,-3.0,-110.0,-110.0,-110.0,-110.0,26.0,29.0,-12.0,19.0,2.1153846153846154,1.896551724137931,-3,4,0,1,0,1,0,230.0,190.9090909090909,-100.0,-100.0,-100.0,190.9090909090909
6.0,October 18,1:00PM,Tennessee Titans,,Houston Texans,42.0,36.0,W,607.0,2.0,412.0,0.0,1.0,52.0,-195.0,170.0,-4.0,4.0,-110.0,-110.0,-110.0,-110.0,28.0,24.0,-14.0,-12.0,1.8571428571428572,2.1666666666666665,-3,-3,1,1,0,1,0,151.28205128205127,190.9090909090909,190.9090909090909,-100.0,-100.0,-100.0
6.0,October 18,1:00PM,Washington Football Team,,New York Giants,19.0,20.0,L,337.0,2.0,240.0,1.0,0.0,42.5,110.0,-130.0,2.0,-2.0,-110.0,-110.0,-110.0,-110.0,20.25,22.25,1.25,2.25,2.0987654320987654,1.9101123595505618,0,0,0,1,0,0,1,-100.0,190.9090909090909,-100.0,176.92307692307693,-100.0,190.9090909090909
,,,,,,,,,,,,,,,,,,,-110.0,-110.0,-110.0,-110.0,,,,,,,0,0,,0,0,0,0,-100.0,-100.0,-100.0,-100.0,190.9090909090909,-100.0
,,,,,,,,,,,,,,,,,,,-110.0,-110.0,-110.0,-110.0,,,,,,,0,0,,0,0,0,0,-100.0,-100.0,-100.0,-100.0,190.9090909090909,-100.0
,,,,,,,,,,,,,,,,,,,-110.0,-110.0,-110.0,-110.0,,,,,,,0,0,,0,0,0,0,-100.0,-100.0,-100.0,-100.0,190.9090909090909,-100.0
,,,,,,,,,,,,,,,,,,,-110.0,-110.0,-110.0,-110.0,,,,,,,0,0,,0,0,0,0,-100.0,-100.0,-100.0,-100.0,190.9090909090909,-100.0
7.0,October 25,8:20PM,Seattle Seahawks,,Arizona Cardinals,34.0,37.0,L,572.0,3.0,519.0,2.0,0.0,55.5,-192.0,167.0,-3.5,3.5,-110.0,-110.0,-110.0,-110.0,29.5,26.0,-4.5,-11.0,1.88135593220339,2.1346153846153846,-1,-3,1,0,1,0,1,-100.0,-100.0,190.9090909090909,267.0,190.9090909090909,-100.0
7.0,October 26,8:15PM,Chicago Bears,,Los Angeles Rams,10.0,24.0,L,279.0,2.0,371.0,1.0,0.0,44.0,240.0,-285.0,6.5,-6.5,-110.0,-110.0,-110.0,-110.0,18.75,25.25,8.75,1.25,2.3466666666666667,1.7425742574257426,2,0,0,0,1,0,1,-100.0,-100.0,-100.0,135.08771929824562,190.9090909090909,190.9090909090909
7.0,October 25,8:20PM,Arizona Cardinals,,Seattle Seahawks,37.0,34.0,W,519.0,2.0,572.0,3.0,1.0,55.5,167.0,-192.0,3.5,-3.5,-110.0,-110.0,-110.0,-110.0,26.0,29.5,-11.0,-4.5,2.1346153846153846,1.88135593220339,-3,-1,1,1,0,1,0,267.0,190.9090909090909,190.9090909090909,-100.0,-100.0,-100.0
7.0,October 25,1:00PM,Atlanta Falcons,@,Detroit Lions,22.0,23.0,L,388.0,1.0,386.0,0.0,1.0,54.0,-115.0,-105.0,-1.0,1.0,-110.0,-110.0,-110.0,-110.0,27.5,27.5,5.5,4.5,1.9636363636363636,1.9636363636363636,1,1,0,0,1,0,1,-100.0,-100.0,-100.0,195.23809523809524,190.9090909090909,190.9090909090909
7.0,October 25,1:00PM,Buffalo Bills,@,New York Jets,18.0,10.0,W,422.0,1.0,191.0,2.0,0.0,47.0,-420.0,340.0,-9.5,9.5,-110.0,-110.0,-110.0,-110.0,28.25,18.75,10.25,8.75,1.663716814159292,2.506666666666667,3,2,0,0,1,1,0,123.80952380952381,-100.0,-100.0,-100.0,190.9090909090909,190.9090909090909
7.0,October 25,1:00PM,Carolina Panthers,,New Orleans Saints,24.0,27.0,L,283.0,0.0,415.0,1.0,0.0,49.5,280.0,-350.0,7.0,-7.0,-110.0,-110.0,-110.0,-110.0,21.25,28.25,-2.75,1.25,2.3294117647058825,1.752212389380531,0,0,1,1,0,0,1,-100.0,190.9090909090909,190.9090909090909,128.57142857142856,-100.0,-100.0
7.0,October 25,1:00PM,Cincinnati Bengals,@,Cleveland Browns,34.0,37.0,L,468.0,2.0,398.0,1.0,1.0,50.0,185.0,-215.0,-4.5,4.5,-110.0,-110.0,-110.0,-110.0,22.75,27.25,-11.25,-9.75,2.197802197802198,1.834862385321101,-3,-2,1,0,1,0,1,-100.0,-100.0,190.9090909090909,146.51162790697674,190.9090909090909,-100.0
7.0,October 25,1:00PM,Cleveland Browns,@,Cincinnati Bengals,37.0,34.0,W,398.0,1.0,468.0,2.0,0.0,50.0,-215.0,185.0,-4.5,4.5,-110.0,-110.0,-110.0,-110.0,27.25,22.75,-9.75,-11.25,1.834862385321101,2.197802197802198,-2,-3,1,0,1,1,0,146.51162790697674,-100.0,190.9090909090909,-100.0,190.9090909090909,-100.0
7.0,October 25,1:00PM,Dallas Cowboys,,Washington Football Team,3.0,25.0,W,142.0,1.0,397.0,0.0,0.0,44.5,-113.0,-107.0,-1.0,1.0,-110.0,-110.0,-110.0,-110.0,22.75,22.75,19.75,-2.25,1.956043956043956,1.956043956043956,4,0,0,0,1,0,1,-100.0,-100.0,-100.0,193.45794392523365,190.9090909090909,190.9090909090909
7.0,October 25,4:25PM,Denver Broncos,@,Kansas City Chiefs,16.0,43.0,L,411.0,4.0,286.0,1.0,1.0,46.0,275.0,-330.0,7.0,-7.0,-110.0,-110.0,-110.0,-110.0,19.5,26.5,3.5,-16.5,2.358974358974359,1.7358490566037736,1,-1,1,0,1,0,1,-100.0,-100.0,190.9090909090909,130.3030303030303,190.9090909090909,-100.0
7.0,October 25,1:00PM,Detroit Lions,@,Atlanta Falcons,23.0,22.0,W,386.0,0.0,388.0,1.0,0.0,54.0,-105.0,-115.0,1.0,-1.0,-110.0,-110.0,-110.0,-110.0,27.5,27.5,4.5,5.5,1.9636363636363636,1.9636363636363636,1,1,0,1,0,1,0,195.23809523809524,190.9090909090909,-100.0,-100.0,-100.0,190.9090909090909
7.0,October 25,1:00PM,Green Bay Packers,@,Houston Texans,35.0,20.0,W,379.0,0.0,365.0,1.0,0.0,55.5,-150.0,130.0,-2.5,2.5,-110.0,-110.0,-110.0,-110.0,29.0,26.5,-6.0,6.5,1.9137931034482758,2.0943396226415096,-1,2,0,1,0,1,0,166.66666666666666,190.9090909090909,-100.0,-100.0,-100.0,190.9090909090909
7.0,October 25,1:00PM,Houston Texans,@,Green Bay Packers,20.0,35.0,L,365.0,1.0,379.0,0.0,1.0,55.5,130.0,-150.0,2.5,-2.5,-110.0,-110.0,-110.0,-110.0,26.5,29.0,6.5,-6.0,2.0943396226415096,1.9137931034482758,2,-1,0,0,1,0,1,-100.0,-100.0,-100.0,166.66666666666666,190.9090909090909,190.9090909090909
7.0,October 25,4:25PM,Jacksonville Jaguars,,Los Angeles Chargers,29.0,39.0,L,294.0,1.0,484.0,0.0,0.0,48.0,300.0,-370.0,8.0,-8.0,-110.0,-110.0,-110.0,-110.0,20.0,28.0,-9.0,-11.0,2.4,1.7142857142857142,-2,-3,1,0,1,0,1,-100.0,-100.0,190.9090909090909,127.02702702702703,190.9090909090909,-100.0
7.0,October 25,4:25PM,Kansas City Chiefs,@,Denver Broncos,43.0,16.0,W,286.0,1.0,411.0,4.0,0.0,46.0,-330.0,275.0,-7.0,7.0,-110.0,-110.0,-110.0,-110.0,26.5,19.5,-16.5,3.5,1.7358490566037736,2.358974358974359,-1,1,1,1,0,1,0,130.3030303030303,190.9090909090909,190.9090909090909,-100.0,-100.0,-100.0
7.0,October 25,4:05PM,Las Vegas Raiders,@,Tampa Bay Buccaneers,20.0,45.0,L,347.0,1.0,454.0,0.0,1.0,51.5,168.0,-193.0,3.5,-3.5,-110.0,-110.0,-110.0,-110.0,24.0,27.5,4.0,-17.5,2.1458333333333335,1.8727272727272728,1,-1,1,0,1,0,1,-100.0,-100.0,190.9090909090909,151.81347150259066,190.9090909090909,-100.0
7.0,October 25,4:25PM,Los Angeles Chargers,,Jacksonville Jaguars,39.0,29.0,W,484.0,0.0,294.0,1.0,1.0,48.0,-370.0,300.0,-8.0,8.0,-110.0,-110.0,-110.0,-110.0,28.0,20.0,-11.0,-9.0,1.7142857142857142,2.4,-3,-2,1,1,0,1,0,127.02702702702703,190.9090909090909,190.9090909090909,-100.0,-100.0,-100.0
7.0,October 26,8:15PM,Los Angeles Rams,,Chicago Bears,24.0,10.0,W,371.0,1.0,279.0,2.0,1.0,44.0,-285.0,240.0,-6.5,6.5,-110.0,-110.0,-110.0,-110.0,25.25,18.75,1.25,8.75,1.7425742574257426,2.3466666666666667,0,2,0,1,0,1,0,135.08771929824562,190.9090909090909,-100.0,-100.0,-100.0,190.9090909090909
7.0,October 25,4:25PM,New England Patriots,@,San Francisco 49ers,6.0,33.0,W,241.0,4.0,467.0,2.0,1.0,44.0,-161.0,141.0,-3.0,3.0,-110.0,-110.0,-110.0,-110.0,23.5,20.5,17.5,-12.5,1.872340425531915,2.1463414634146343,4,-3,0,0,1,0,1,-100.0,-100.0,-100.0,241.0,190.9090909090909,190.9090909090909
7.0,October 22,8:20PM,New York Giants,,Philadelphia Eagles,21.0,22.0,L,325.0,3.0,442.0,1.0,0.0,44.5,205.0,-245.0,5.0,-5.0,-110.0,-110.0,-110.0,-110.0,19.75,24.75,-1.25,2.75,2.2531645569620253,1.797979797979798,0,0,0,1,0,0,1,-100.0,190.9090909090909,-100.0,140.81632653061223,-100.0,190.9090909090909
7.0,October 25,1:00PM,New York Jets,@,Buffalo Bills,10.0,18.0,L,191.0,2.0,422.0,1.0,1.0,47.0,340.0,-420.0,9.5,-9.5,-110.0,-110.0,-110.0,-110.0,18.75,28.25,8.75,10.25,2.506666666666667,1.663716814159292,2,3,0,1,0,0,1,-100.0,190.9090909090909,-100.0,123.80952380952381,-100.0,190.9090909090909
7.0,October 22,8:20PM,Philadelphia Eagles,,New York Giants,22.0,21.0,W,442.0,1.0,325.0,3.0,1.0,44.5,-245.0,205.0,-5.0,5.0,-110.0,-110.0,-110.0,-110.0,24.75,19.75,2.75,-1.25,1.797979797979798,2.2531645569620253,0,0,0,0,1,1,0,140.81632653061223,-100.0,-100.0,-100.0,190.9090909090909,190.9090909090909
7.0,October 25,1:00PM,Pittsburgh Steelers,@,Tennessee Titans,27.0,24.0,W,362.0,3.0,292.0,0.0,0.0,51.0,-104.0,-116.0,1.0,-1.0,-110.0,-110.0,-110.0,-110.0,26.0,26.0,-1.0,2.0,1.9615384615384615,1.9615384615384615,0,0,,1,0,1,0,196.15384615384616,190.9090909090909,-100.0,-100.0,-100.0,-100.0
7.0,October 25,4:05PM,Tampa Bay Buccaneers,@,Las Vegas Raiders,45.0,20.0,W,454.0,0.0,347.0,1.0,0.0,51.5,-193.0,168.0,-3.5,3.5,-110.0,-110.0,-110.0,-110.0,27.5,24.0,-17.5,4.0,1.8727272727272728,2.1458333333333335,-1,1,1,1,0,1,0,151.81347150259066,190.9090909090909,190.9090909090909,-100.0,-100.0,-100.0
7.0,October 25,1:00PM,Tennessee Titans,@,Pittsburgh Steelers,24.0,27.0,L,292.0,0.0,362.0,3.0,1.0,51.0,-116.0,-104.0,-1.0,1.0,-110.0,-110.0,-110.0,-110.0,26.0,26.0,2.0,-1.0,1.9615384615384615,1.9615384615384615,0,0,,0,1,0,1,-100.0,-100.0,-100.0,196.15384615384616,190.9090909090909,-100.0
7.0,October 25,1:00PM,Washington Football Team,,Dallas Cowboys,25.0,3.0,L,397.0,0.0,142.0,1.0,1.0,44.5,-107.0,-113.0,1.0,-1.0,-110.0,-110.0,-110.0,-110.0,22.75,22.75,-2.25,19.75,1.956043956043956,1.956043956043956,0,4,0,1,0,1,0,193.45794392523365,190.9090909090909,-100.0,-100.0,-100.0,190.9090909090909
7.0,October 25,1:00PM,New Orleans Saints,,Carolina Panthers,27.0,24.0,W,415.0,1.0,283.0,0.0,1.0,49.5,-350.0,280.0,-7.0,7.0,-110.0,-110.0,-110.0,-110.0,28.25,21.25,1.25,-2.75,1.752212389380531,2.3294117647058825,0,0,1,0,1,1,0,128.57142857142856,-100.0,190.9090909090909,-100.0,190.9090909090909,-100.0
7.0,October 25,4:25PM,San Francisco 49ers,@,New England Patriots,33.0,6.0,L,467.0,2.0,241.0,4.0,0.0,44.0,141.0,-161.0,3.0,-3.0,-110.0,-110.0,-110.0,-110.0,20.5,23.5,-12.5,17.5,2.1463414634146343,1.872340425531915,-3,4,0,1,0,1,0,241.0,190.9090909090909,-100.0,-100.0,-100.0,190.9090909090909
,,,,,,,,,,,,,,,,,,,-110.0,-110.0,-110.0,-110.0,,,,,,,0,0,,0,0,0,0,-100.0,-100.0,-100.0,-100.0,190.9090909090909,-100.0
,,,,,,,,,,,,,,,,,,,-110.0,-110.0,-110.0,-110.0,,,,,,,0,0,,0,0,0,0,-100.0,-100.0,-100.0,-100.0,190.9090909090909,-100.0
,,,,,,,,,,,,,,,,,,,-110.0,-110.0,-110.0,-110.0,,,,,,,0,0,,0,0,0,0,-100.0,-100.0,-100.0,-100.0,190.9090909090909,-100.0
,,,,,,,,,,,,,,,,,,,-110.0,-110.0,-110.0,-110.0,,,,,,,0,0,,0,0,0,0,-100.0,-100.0,-100.0,-100.0,190.9090909090909,-100.0
8.0,October 29,8:20PM,Atlanta Falcons,@,Carolina Panthers,25.0,17.0,W,401.0,1.0,304.0,1.0,0.0,52.0,-102.0,-118.0,1.5,-1.5,-110.0,-110.0,-110.0,-110.0,26.75,26.75,1.75,9.75,1.9439252336448598,1.9439252336448598,0,2,0,1,0,1,0,198.0392156862745,190.9090909090909,-100.0,-100.0,-100.0,190.9090909090909
8.0,November 1,1:00PM,Baltimore Ravens,@,Pittsburgh Steelers,24.0,28.0,L,457.0,4.0,221.0,1.0,1.0,44.0,-205.0,175.0,-4.0,4.0,-110.0,-110.0,-110.0,-110.0,24.0,20.0,0.0,-8.0,1.8333333333333333,2.2,0,-2,1,0,1,0,1,-100.0,-100.0,190.9090909090909,275.0,190.9090909090909,-100.0
8.0,November 1,1:00PM,Buffalo Bills,@,New England Patriots,24.0,21.0,W,339.0,1.0,349.0,1.0,1.0,41.5,-205.0,175.0,-4.0,4.0,-110.0,-110.0,-110.0,-110.0,22.75,18.75,-1.25,-2.25,1.8241758241758241,2.2133333333333334,0,0,1,0,1,1,0,148.78048780487805,-100.0,190.9090909090909,-100.0,190.9090909090909,-100.0
8.0,October 29,8:20PM,Carolina Panthers,@,Atlanta Falcons,17.0,25.0,L,304.0,1.0,401.0,1.0,1.0,52.0,-118.0,-102.0,-1.5,1.5,-110.0,-110.0,-110.0,-110.0,26.75,26.75,9.75,1.75,1.9439252336448598,1.9439252336448598,2,0,0,0,1,0,1,-100.0,-100.0,-100.0,198.0392156862745,190.9090909090909,190.9090909090909
8.0,November 1,4:25PM,Chicago Bears,@,New Orleans Saints,23.0,26.0,L,329.0,1.0,394.0,0.0,1.0,41.0,205.0,-245.0,5.5,-5.5,-110.0,-110.0,-110.0,-110.0,17.75,23.25,-5.25,-2.75,2.3098591549295775,1.7634408602150538,-1,0,1,1,0,0,1,-100.0,190.9090909090909,190.9090909090909,140.81632653061223,-100.0,-100.0
8.0,November 1,1:00PM,Cincinnati Bengals,@,Tennessee Titans,31.0,20.0,W,367.0,0.0,441.0,1.0,1.0,49.5,280.0,-335.0,7.0,-7.0,-110.0,-110.0,-110.0,-110.0,21.25,28.25,-9.75,8.25,2.3294117647058825,1.752212389380531,-2,2,1,1,0,1,0,380.0,190.9090909090909,190.9090909090909,-100.0,-100.0,-100.0
8.0,November 1,1:00PM,Cleveland Browns,@,Las Vegas Raiders,6.0,16.0,L,223.0,1.0,309.0,0.0,1.0,47.5,-123.0,103.0,-1.0,1.0,-110.0,-110.0,-110.0,-110.0,24.25,23.25,18.25,7.25,1.958762886597938,2.043010752688172,4,2,0,0,1,0,1,-100.0,-100.0,-100.0,203.0,190.9090909090909,190.9090909090909
8.0,November 1,8:20PM,Dallas Cowboys,@,Philadelphia Eagles,9.0,23.0,L,265.0,2.0,222.0,4.0,0.0,42.5,380.0,-470.0,10.5,-10.5,-110.0,-110.0,-110.0,-110.0,16.0,26.5,7.0,3.5,2.65625,1.6037735849056605,2,1,0,0,1,0,1,-100.0,-100.0,-100.0,121.27659574468085,190.9090909090909,190.9090909090909
8.0,November 1,4:05PM,Denver Broncos,@,Los Angeles Chargers,31.0,30.0,W,351.0,1.0,485.0,2.0,1.0,45.0,150.0,-170.0,3.0,-3.0,-110.0,-110.0,-110.0,-110.0,21.0,24.0,-10.0,-6.0,2.142857142857143,1.875,-2,-1,1,1,0,1,0,250.0,190.9090909090909,190.9090909090909,-100.0,-100.0,-100.0
8.0,November 1,1:00PM,Detroit Lions,@,Indianapolis Colts,21.0,41.0,L,326.0,2.0,366.0,0.0,1.0,49.0,160.0,-180.0,3.5,-3.5,-110.0,-110.0,-110.0,-110.0,22.75,26.25,1.75,-14.75,2.1538461538461537,1.8666666666666667,0,-1,1,0,1,0,1,-100.0,-100.0,190.9090909090909,155.55555555555554,190.9090909090909,-100.0
8.0,November 1,1:00PM,Green Bay Packers,@,Minnesota Vikings,22.0,28.0,L,400.0,1.0,324.0,0.0,1.0,48.0,-255.0,215.0,-5.5,5.5,-110.0,-110.0,-110.0,-110.0,26.75,21.25,4.75,-6.75,1.794392523364486,2.2588235294117647,1,-2,1,0,1,0,1,-100.0,-100.0,190.9090909090909,315.0,190.9090909090909,-100.0
8.0,November 1,1:00PM,Indianapolis Colts,@,Detroit Lions,41.0,21.0,W,366.0,0.0,326.0,2.0,0.0,49.0,-180.0,160.0,-3.5,3.5,-110.0,-110.0,-110.0,-110.0,26.25,22.75,-14.75,1.75,1.8666666666666667,2.1538461538461537,-1,0,1,1,0,1,0,155.55555555555554,190.9090909090909,190.9090909090909,-100.0,-100.0,-100.0
8.0,November 1,1:00PM,Kansas City Chiefs,@,New York Jets,35.0,9.0,W,496.0,0.0,221.0,1.0,1.0,49.0,-5000.0,1500.0,-19.5,19.5,-110.0,-110.0,-110.0,-110.0,34.25,14.75,-0.75,5.75,1.4306569343065694,3.3220338983050848,0,1,0,1,0,1,0,102.0,190.9090909090909,-100.0,-100.0,-100.0,190.9090909090909
8.0,November 1,1:00PM,Las Vegas Raiders,@,Cleveland Browns,16.0,6.0,w,309.0,0.0,223.0,1.0,0.0,47.5,103.0,-123.0,1.0,-1.0,-110.0,-110.0,-110.0,-110.0,23.25,24.25,7.25,18.25,2.043010752688172,1.958762886597938,2,4,0,1,0,1,0,203.0,190.9090909090909,-100.0,-100.0,-100.0,190.9090909090909
8.0,November 1,4:05PM,Los Angeles Chargers,@,Denver Broncos,30.0,31.0,L,485.0,2.0,351.0,1.0,0.0,45.0,-170.0,150.0,-3.0,3.0,-110.0,-110.0,-110.0,-110.0,24.0,21.0,-6.0,-10.0,1.875,2.142857142857143,-1,-2,1,0,1,0,1,-100.0,-100.0,190.9090909090909,250.0,190.9090909090909,-100.0
8.0,November 1,1:00PM,Los Angeles Rams,@,Miami Dolphins,17.0,28.0,L,471.0,4.0,221.0,1.0,0.0,46.5,-180.0,160.0,-3.5,3.5,-110.0,-110.0,-110.0,-110.0,25.0,21.5,8.0,-6.5,1.86,2.1627906976744184,2,-2,0,0,1,0,1,-100.0,-100.0,-100.0,260.0,190.9090909090909,190.9090909090909
8.0,November 1,1:00PM,Miami Dolphins,@,Los Angeles Rams,28.0,17.0,W,145.0,2.0,471.0,4.0,1.0,46.5,160.0,-180.0,3.5,-3.5,-110.0,-110.0,-110.0,-110.0,21.5,25.0,-6.5,8.0,2.1627906976744184,1.86,-2,2,0,1,0,1,0,260.0,190.9090909090909,-100.0,-100.0,-100.0,190.9090909090909
8.0,November 1,1:00PM,Minnesota Vikings,@,Green Bay Packers,28.0,22.0,W,324.0,0.0,400.0,1.0,0.0,48.0,215.0,-255.0,5.5,-5.5,-110.0,-110.0,-110.0,-110.0,21.25,26.75,-6.75,4.75,2.2588235294117647,1.794392523364486,-2,1,1,1,0,1,0,315.0,190.9090909090909,190.9090909090909,-100.0,-100.0,-100.0
8.0,November 1,1:00PM,New England Patriots,@,Buffalo Bills,21.0,24.0,L,349.0,1.0,339.0,1.0,0.0,41.5,175.0,-205.0,4.0,-4.0,-110.0,-110.0,-110.0,-110.0,18.75,22.75,-2.25,-1.25,2.2133333333333334,1.8241758241758241,0,0,1,1,0,0,1,-100.0,190.9090909090909,190.9090909090909,148.78048780487805,-100.0,-100.0
8.0,November 1,4:25PM,New Orleans Saints,@,Chicago Bears,26.0,23.0,W,394.0,0.0,329.0,1.0,0.0,41.0,-245.0,205.0,-5.5,5.5,-110.0,-110.0,-110.0,-110.0,23.25,17.75,-2.75,-5.25,1.7634408602150538,2.3098591549295775,0,-1,1,0,1,1,0,140.81632653061223,-100.0,190.9090909090909,-100.0,190.9090909090909,-100.0
8.0,November 2,8:15PM,New York Giants,@,Tampa Bay Buccaneers,23.0,25.0,L,357.0,2.0,344.0,1.0,1.0,45.0,500.0,-650.0,13.0,-13.0,-110.0,-110.0,-110.0,-110.0,16.0,29.0,-7.0,4.0,2.8125,1.5517241379310345,-2,1,1,1,0,0,1,-100.0,190.9090909090909,190.9090909090909,115.38461538461539,-100.0,-100.0
8.0,November 1,1:00PM,New York Jets,@,Kansas City Chiefs,9.0,35.0,L,221.0,1.0,496.0,0.0,0.0,49.0,1500.0,-5000.0,19.5,-19.5,-110.0,-110.0,-110.0,-110.0,14.75,34.25,5.75,-0.75,3.3220338983050848,1.4306569343065694,1,0,0,0,1,0,1,-100.0,-100.0,-100.0,102.0,190.9090909090909,190.9090909090909
8.0,November 1,8:20PM,Philadelphia Eagles,@,Dallas Cowboys,23.0,9.0,W,222.0,4.0,265.0,2.0,1.0,42.5,-470.0,380.0,-10.5,10.5,-110.0,-110.0,-110.0,-110.0,26.5,16.0,3.5,7.0,1.6037735849056605,2.65625,1,2,0,1,0,1,0,121.27659574468085,190.9090909090909,-100.0,-100.0,-100.0,190.9090909090909
8.0,November 1,1:00PM,Pittsburgh Steelers,@,Baltimore Ravens,27.0,17.0,W,221.0,1.0,457.0,4.0,0.0,44.0,175.0,-205.0,4.0,-4.0,-110.0,-110.0,-110.0,-110.0,20.0,24.0,-7.0,7.0,2.2,1.8333333333333333,-2,2,,1,0,1,0,275.0,190.9090909090909,-100.0,-100.0,-100.0,-100.0
8.0,November 1,4:25PM,San Francisco 49ers,@,Seattle Seahawks,27.0,37.0,L,351.0,2.0,350.0,0.0,0.0,54.5,102.0,-122.0,1.0,-1.0,-110.0,-110.0,-110.0,-110.0,26.75,27.75,-0.25,-9.25,2.0373831775700935,1.9639639639639639,0,-2,1,0,1,0,1,-100.0,-100.0,190.9090909090909,181.9672131147541,190.9090909090909,-100.0
8.0,November 1,4:25PM,Seattle Seahawks,@,San Francisco 49ers,37.0,27.0,L,350.0,0.0,351.0,2.0,1.0,54.5,-122.0,102.0,-1.0,1.0,-110.0,-110.0,-110.0,-110.0,27.75,26.75,-9.25,-0.25,1.9639639639639639,2.0373831775700935,-2,0,1,1,0,1,0,181.9672131147541,190.9090909090909,190.9090909090909,-100.0,-100.0,-100.0
8.0,November 2,8:15PM,Tampa Bay Buccaneers,@,New York Giants,25.0,23.0,W,222.0,4.0,265.0,2.0,0.0,45.0,-650.0,500.0,-13.0,13.0,-110.0,-110.0,-110.0,-110.0,29.0,16.0,4.0,-7.0,1.5517241379310345,2.8125,1,-2,1,0,1,1,0,115.38461538461539,-100.0,190.9090909090909,-100.0,190.9090909090909,-100.0
8.0,November 1,1:00PM,Tennessee Titans,@,Cincinnati Bengals,20.0,31.0,L,441.0,1.0,367.0,0.0,0.0,49.5,-335.0,280.0,-7.0,7.0,-110.0,-110.0,-110.0,-110.0,28.25,21.25,8.25,-9.75,1.752212389380531,2.3294117647058825,2,-2,1,0,1,0,1,-100.0,-100.0,190.9090909090909,380.0,190.9090909090909,-100.0
,,,,,,,,,,,,,,,,,,,-110.0,-110.0,-110.0,-110.0,,,,,,,0,0,,0,0,0,0,-100.0,-100.0,-100.0,-100.0,190.9090909090909,-100.0
,,,,,,,,,,,,,,,,,,,-110.0,-110.0,-110.0,-110.0,,,,,,,0,0,,0,0,0,0,-100.0,-100.0,-100.0,-100.0,190.9090909090909,-100.0
,,,,,,,,,,,,,,,,,,,-110.0,-110.0,-110.0,-110.0,,,,,,,0,0,,0,0,0,0,-100.0,-100.0,-100.0,-100.0,190.9090909090909,-100.0
,,,,,,,,,,,,,,,,,,,-110.0,-110.0,-110.0,-110.0,,,,,,,0,0,,0,0,0,0,-100.0,-100.0,-100.0,-100.0,190.9090909090909,-100.0
9.0,November 8,4:25PM,Arizona Cardinals,@,Miami Dolphins,31.0,34.0,L,442.0,1.0,312.0,0.0,1.0,48.5,-250.0,210.0,-6.0,6.0,-110.0,-110.0,-110.0,-110.0,27.25,21.25,-3.75,-12.75,1.7798165137614679,2.2823529411764705,-1,-3,1,0,1,0,1,-100.0,-100.0,190.9090909090909,310.0,190.9090909090909,-100.0
9.0,November 8,1:00PM,Atlanta Falcons,@,Denver Broncos,34.0,27.0,W,363.0,1.0,405.0,1.0,1.0,50.5,-219.0,189.0,-4.5,4.5,-110.0,-110.0,-110.0,-110.0,27.5,23.0,-6.5,-4.0,1.8363636363636364,2.1956521739130435,-2,-1,1,1,0,1,0,145.662100456621,190.9090909090909,190.9090909090909,-100.0,-100.0,-100.0
9.0,November 8,1:00PM,Baltimore Ravens,@,Indianapolis Colts,24.0,10.0,W,266.0,1.0,339.0,2.0,0.0,47.5,-115.0,-105.0,1.0,-1.0,-110.0,-110.0,-110.0,-110.0,24.25,24.25,0.25,14.25,1.958762886597938,1.958762886597938,0,4,0,1,0,1,0,186.95652173913044,190.9090909090909,-100.0,-100.0,-100.0,190.9090909090909
9.0,November 8,1:00PM,Buffalo Bills,@,Seattle Seahawks,44.0,34.0,W,420.0,0.0,419.0,4.0,1.0,55.5,147.0,-167.0,3.0,-3.0,-110.0,-110.0,-110.0,-110.0,26.25,29.25,-17.75,-4.75,2.1142857142857143,1.8974358974358974,-1,-1,1,1,0,1,0,247.0,190.9090909090909,190.9090909090909,-100.0,-100.0,-100.0
9.0,November 8,1:00PM,Carolina Panthers,@,Kansas City Chiefs,31.0,33.0,L,435.0,0.0,397.0,1.0,0.0,51.5,420.0,-525.0,10.0,-10.0,-110.0,-110.0,-110.0,-110.0,20.75,30.75,-10.25,-2.25,2.4819277108433737,1.6747967479674797,-3,0,1,1,0,0,1,-100.0,190.9090909090909,190.9090909090909,119.04761904761905,-100.0,-100.0
9.0,November 8,1:00PM,Chicago Bears,@,Tennessee Titans,17.0,24.0,L,375.0,2.0,228.0,0.0,0.0,46.5,230.0,-275.0,6.5,-6.5,-110.0,-110.0,-110.0,-110.0,20.0,26.5,3.0,2.5,2.325,1.7547169811320755,0,0,0,0,1,0,1,-100.0,-100.0,-100.0,136.36363636363637,190.9090909090909,190.9090909090909
9.0,November 8,4:25PM,Dallas Cowboys,@,Pittsburgh Steelers,19.0,24.0,L,364.0,2.0,355.0,0.0,1.0,44.0,605.0,-825.0,14.0,-14.0,-110.0,-110.0,-110.0,-110.0,15.0,29.0,-4.0,5.0,2.933333333333333,1.5172413793103448,-1,1,0,1,0,0,1,-100.0,190.9090909090909,-100.0,112.12121212121212,-100.0,190.9090909090909
9.0,November 8,1:00PM,Denver Broncos,@,Atlanta Falcons,27.0,34.0,L,405.0,1.0,363.0,1.0,0.0,50.5,189.0,-219.0,4.5,-4.5,-110.0,-110.0,-110.0,-110.0,23.0,27.5,-4.0,-6.5,2.1956521739130435,1.8363636363636364,-1,-2,1,0,1,0,1,-100.0,-100.0,190.9090909090909,145.662100456621,190.9090909090909,-100.0
9.0,November 8,1:00PM,Detroit Lions,@,Minnesota Vikings,20.0,34.0,L,421.0,3.0,487.0,0.0,0.0,51.5,152.0,-172.0,3.0,-3.0,-110.0,-110.0,-110.0,-110.0,24.25,27.25,4.25,-6.75,2.1237113402061856,1.889908256880734,1,-2,1,0,1,0,1,-100.0,-100.0,190.9090909090909,158.13953488372093,190.9090909090909,-100.0
9.0,November 5,8:20PM,Green Bay Packers,@,San Francisco 49ers,34.0,17.0,W,405.0,0.0,337.0,2.0,0.0,48.5,-260.0,220.0,-6.0,6.0,-110.0,-110.0,-110.0,-110.0,27.25,21.25,-6.75,4.25,1.7798165137614679,2.2823529411764705,-2,1,1,1,0,1,0,138.46153846153845,190.9090909090909,190.9090909090909,-100.0,-100.0,-100.0
9.0,November 8,1:00PM,Houston Texans,@,Jacksonville Jaguars,27.0,25.0,W,374.0,1.0,412.0,1.0,0.0,49.0,-310.0,260.0,-7.0,7.0,-110.0,-110.0,-110.0,-110.0,28.0,21.0,1.0,-4.0,1.75,2.3333333333333335,0,-1,1,0,1,1,0,132.25806451612902,-100.0,190.9090909090909,-100.0,190.9090909090909,-100.0
9.0,November 8,1:00PM,Indianapolis Colts,@,Baltimore Ravens,10.0,24.0,L,339.0,2.0,266.0,1.0,1.0,47.5,-105.0,-115.0,-1.0,1.0,-110.0,-110.0,-110.0,-110.0,24.25,24.25,14.25,0.25,1.958762886597938,1.958762886597938,4,0,0,0,1,0,1,-100.0,-100.0,-100.0,186.95652173913044,190.9090909090909,190.9090909090909
9.0,November 8,1:00PM,Jacksonville Jaguars,@,Houston Texans,25.0,27.0,L,412.0,1.0,374.0,1.0,1.0,49.0,260.0,-310.0,7.0,-7.0,-110.0,-110.0,-110.0,-110.0,21.0,28.0,-4.0,1.0,2.3333333333333335,1.75,-1,0,1,1,0,0,1,-100.0,190.9090909090909,190.9090909090909,132.25806451612902,-100.0,-100.0
9.0,November 8,1:00PM,Kansas City Chiefs,@,Carolina Panthers,33.0,31.0,W,397.0,1.0,435.0,0.0,1.0,51.5,-525.0,420.0,-10.0,10.0,-110.0,-110.0,-110.0,-110.0,30.75,20.75,-2.25,-10.25,1.6747967479674797,2.4819277108433737,0,-3,1,0,1,1,0,119.04761904761905,-100.0,190.9090909090909,-100.0,190.9090909090909,-100.0
9.0,November 8,4:05PM,Las Vegas Raiders,@,Los Angeles Chargers,31.0,26.0,W,320.0,1.0,440.0,1.0,0.0,52.5,-115.0,-105.0,-1.0,1.0,-110.0,-110.0,-110.0,-110.0,26.75,26.75,-4.25,0.75,1.9626168224299065,1.9626168224299065,-1,0,1,1,0,1,0,186.95652173913044,190.9090909090909,190.9090909090909,-100.0,-100.0,-100.0
9.0,November 8,4:05PM,Los Angeles Chargers,@,Las Vegas Raiders,26.0,31.0,L,440.0,1.0,320.0,0.0,1.0,52.5,-105.0,-115.0,1.0,-1.0,-110.0,-110.0,-110.0,-110.0,26.75,26.75,0.75,-4.25,1.9626168224299065,1.9626168224299065,0,-1,1,0,1,0,1,-100.0,-100.0,190.9090909090909,186.95652173913044,190.9090909090909,-100.0
9.0,November 8,4:25PM,Miami Dolphins,@,Arizona Cardinals,34.0,31.0,W,312.0,0.0,442.0,1.0,0.0,49.0,210.0,-250.0,6.0,-6.0,-110.0,-110.0,-110.0,-110.0,21.5,27.5,-12.5,-3.5,2.2790697674418605,1.7818181818181817,-3,-1,1,1,0,1,0,310.0,190.9090909090909,190.9090909090909,-100.0,-100.0,-100.0
9.0,November 8,1:00PM,Minnesota Vikings,@,Detroit Lions,34.0,20.0,W,487.0,0.0,421.0,3.0,1.0,51.5,-172.0,152.0,-3.0,3.0,-110.0,-110.0,-110.0,-110.0,27.25,24.25,-6.75,4.25,1.889908256880734,2.1237113402061856,-2,1,1,1,0,1,0,158.13953488372093,190.9090909090909,190.9090909090909,-100.0,-100.0,-100.0
9.0,November 9,8:15PM,New England Patriots,@,New York Jets,30.0,27.0,W,433.0,0.0,322.0,0.0,0.0,42.0,-430.0,350.0,-9.5,9.5,-110.0,-110.0,-110.0,-110.0,25.75,16.25,-4.25,-10.75,1.6310679611650485,2.5846153846153848,-1,-3,1,0,1,1,0,123.25581395348837,-100.0,190.9090909090909,-100.0,190.9090909090909,-100.0
9.0,November 8,8:20PM,New Orleans Saints,@,Tampa Bay Buccaneers,38.0,3.0,W,420.0,2.0,194.0,3.0,0.0,51.0,158.0,-178.0,3.0,-3.0,-110.0,-110.0,-110.0,-110.0,24.0,27.0,-14.0,24.0,2.125,1.8888888888888888,-3,4,0,1,0,1,0,258.0,190.9090909090909,-100.0,-100.0,-100.0,190.9090909090909
9.0,November 8,1:00PM,New York Giants,@,Washington Football Team,23.0,20.0,W,350.0,0.0,402.0,5.0,0.0,43.5,140.0,-160.0,3.0,-3.0,-110.0,-110.0,-110.0,-110.0,20.25,23.25,-2.75,3.25,2.1481481481481484,1.8709677419354838,0,1,0,1,0,1,0,240.0,190.9090909090909,-100.0,-100.0,-100.0,190.9090909090909
9.0,November 9,8:15PM,New York Jets,@,New England Patriots,27.0,30.0,L,322.0,1.0,433.0,0.0,1.0,42.0,350.0,-430.0,9.5,-9.5,-110.0,-110.0,-110.0,-110.0,16.25,25.75,-10.75,-4.25,2.5846153846153848,1.6310679611650485,-3,-1,1,1,0,0,1,-100.0,190.9090909090909,190.9090909090909,123.25581395348837,-100.0,-100.0
9.0,November 8,4:25PM,Pittsburgh Steelers,@,Dallas Cowboys,24.0,19.0,W,355.0,0.0,364.0,2.0,0.0,44.0,-825.0,605.0,-14.0,14.0,-110.0,-110.0,-110.0,-110.0,29.0,15.0,5.0,-4.0,1.5172413793103448,2.933333333333333,1,-1,0,0,1,1,0,112.12121212121212,-100.0,-100.0,-100.0,190.9090909090909,190.9090909090909
9.0,November 5,8:20PM,San Francisco 49ers,@,Green Bay Packers,17.0,34.0,L,337.0,2.0,405.0,0.0,1.0,48.5,220.0,-260.0,6.0,-6.0,-110.0,-110.0,-110.0,-110.0,21.25,27.25,4.25,-6.75,2.2823529411764705,1.7798165137614679,1,-2,1,0,1,0,1,-100.0,-100.0,190.9090909090909,138.46153846153845,190.9090909090909,-100.0
9.0,November 8,1:00PM,Seattle Seahawks,@,Buffalo Bills,34.0,44.0,L,419.0,4.0,420.0,0.0,0.0,55.5,-167.0,147.0,-3.0,3.0,-110.0,-110.0,-110.0,-110.0,29.25,26.25,-4.75,-17.75,1.8974358974358974,2.1142857142857143,-1,-1,1,0,1,0,1,-100.0,-100.0,190.9090909090909,247.0,190.9090909090909,-100.0
9.0,November 8,8:20PM,Tampa Bay Buccaneers,@,New Orleans Saints,3.0,38.0,L,194.0,3.0,420.0,2.0,1.0,51.0,-178.0,158.0,-3.0,3.0,-110.0,-110.0,-110.0,-110.0,27.0,24.0,24.0,-14.0,1.8888888888888888,2.125,4,-3,0,0,1,0,1,-100.0,-100.0,-100.0,258.0,190.9090909090909,190.9090909090909
9.0,November 8,1:00PM,Tennessee Titans,@,Chicago Bears,24.0,17.0,W,228.0,0.0,375.0,2.0,1.0,46.5,-275.0,230.0,-6.5,6.5,-110.0,-110.0,-110.0,-110.0,26.5,20.0,2.5,3.0,1.7547169811320755,2.325,0,0,0,1,0,1,0,136.36363636363637,190.9090909090909,-100.0,-100.0,-100.0,190.9090909090909
9.0,November 8,1:00PM,Washington Football Team,@,New York Giants,20.0,23.0,L,402.0,5.0,350.0,0.0,1.0,43.5,-160.0,140.0,-3.0,3.0,-110.0,-110.0,-110.0,-110.0,23.25,20.25,3.25,-2.75,1.8709677419354838,2.1481481481481484,1,0,0,0,1,0,1,-100.0,-100.0,-100.0,240.0,190.9090909090909,190.9090909090909
,,,,,,,,,,,,,,,,,,,-110.0,-110.0,-110.0,-110.0,,,,,,,0,0,,0,0,0,0,-100.0,-100.0,-100.0,-100.0,190.9090909090909,-100.0
,,,,,,,,,,,,,,,,,,,-110.0,-110.0,-110.0,-110.0,,,,,,,0,0,,0,0,0,0,-100.0,-100.0,-100.0,-100.0,190.9090909090909,-100.0
,,,,,,,,,,,,,,,,,,,-110.0,-110.0,-110.0,-110.0,,,,,,,0,0,,0,0,0,0,-100.0,-100.0,-100.0,-100.0,190.9090909090909,-100.0
,,,,,,,,,,,,,,,,,,,-110.0,-110.0,-110.0,-110.0,,,,,,,0,0,,0,0,0,0,-100.0,-100.0,-100.0,-100.0,190.9090909090909,-100.0
10.0,November 12,8:20PM,Indianapolis Colts,@,Tennessee Titans,34.0,17.0,W,430.0,0.0,294.0,0.0,0.0,,,,,,,,,,,,,,,,0,0,,0,0,1,0,-100.0,-100.0,-100.0,-100.0,-100.0,-100.0
10.0,November 15,1:00PM,Green Bay Packers,,Jacksonville Jaguars,24.0,20.0,W,395.0,2.0,260.0,1.0,1.0,47.0,-1200.0,-1200.0,14.0,-14.0,-115.0,-105.0,-110.0,-110.0,30.5,30.5,6.5,10.5,1.540983606557377,1.540983606557377,2,3,0,1,0,1,0,108.33333333333333,186.95652173913044,-100.0,-100.0,-100.0,190.9090909090909
10.0,November 15,1:00PM,Detroit Lions,,Washington Football Team,30.0,27.0,W,372.0,0.0,464.0,1.0,1.0,45.5,-145.0,-145.0,3.0,-3.0,-120.0,100.0,-110.0,-110.0,24.25,24.25,-5.75,-2.75,1.8762886597938144,1.8762886597938144,-1,0,1,1,0,1,0,168.9655172413793,183.33333333333334,190.9090909090909,-100.0,-100.0,-100.0
10.0,November 15,1:00PM,Cleveland Browns,,Houston Texans,10.0,7.0,W,356.0,0.0,243.0,0.0,1.0,45.0,-210.0,-210.0,4.5,-4.5,-115.0,-105.0,-105.0,-115.0,24.75,24.75,14.75,17.75,1.8181818181818181,1.8181818181818181,4,4,0,1,0,1,0,147.61904761904762,186.95652173913044,-100.0,-100.0,-100.0,186.95652173913044
10.0,November 15,1:00PM,Tampa Bay Buccaneers,@,Carolina Panthers,46.0,23.0,W,544.0,1.0,187.0,1.0,0.0,49.5,-260.0,-260.0,6.0,-6.0,-110.0,-110.0,-110.0,-110.0,27.75,27.75,-18.25,4.75,1.7837837837837838,1.7837837837837838,-1,1,1,1,0,1,0,138.46153846153845,190.9090909090909,190.9090909090909,-100.0,-100.0,-100.0
10.0,November 15,1:00PM,New York Giants,,Philadelphia Eagles,27.0,17.0,W,382.0,0.0,346.0,0.0,1.0,44.5,180.0,180.0,-4.5,4.5,-110.0,-110.0,-110.0,-110.0,20.0,20.0,-7.0,3.0,2.225,2.225,-2,0,0,1,0,1,0,280.0,190.9090909090909,-100.0,-100.0,-100.0,190.9090909090909
10.0,November 15,4:05PM,Miami Dolphins,,Los Angeles Chargers,29.0,21.0,W,280.0,1.0,273.0,1.0,1.0,49.0,-125.0,-125.0,2.0,-2.0,-110.0,-110.0,-105.0,-115.0,25.5,25.5,-3.5,4.5,1.9215686274509804,1.9215686274509804,-1,1,1,1,0,1,0,180.0,190.9090909090909,195.23809523809524,-100.0,-100.0,-100.0
10.0,November 15,4:05PM,Las Vegas Raiders,,Denver Broncos,37.0,12.0,W,357.0,0.0,313.0,5.0,1.0,51.0,-180.0,-180.0,3.5,-3.5,-120.0,100.0,-105.0,-115.0,27.25,27.25,-9.75,15.25,1.871559633027523,1.871559633027523,-2,4,0,1,0,1,0,155.55555555555554,183.33333333333334,-100.0,-100.0,-100.0,186.95652173913044
10.0,November 15,4:05PM,Arizona Cardinals,,Buffalo Bills,32.0,30.0,W,453.0,2.0,369.0,2.0,1.0,0.0,-145.0,-145.0,2.5,-2.5,-105.0,-115.0,0.0,0.0,1.25,1.25,-30.75,-28.75,0.0,0.0,-1,-1,1,1,0,1,0,168.9655172413793,195.23809523809524,-100.0,-100.0,-100.0,-100.0
10.0,November 15,4:25PM,New Orleans Saints,,San Francisco 49ers,27.0,13.0,W,237.0,2.0,281.0,4.0,1.0,49.0,-460.0,-460.0,9.5,-9.5,-110.0,-110.0,-110.0,-110.0,29.25,29.25,2.25,16.25,1.6752136752136753,1.6752136752136753,0,4,0,1,0,1,0,121.73913043478261,190.9090909090909,-100.0,-100.0,-100.0,190.9090909090909
10.0,November 15,4:25PM,Pittsburgh Steelers,,Cincinnati Bengals,36.0,10.0,W,377.0,0.0,324.0,2.0,1.0,44.5,-300.0,-300.0,6.5,-6.5,-110.0,-110.0,-105.0,-115.0,25.5,25.5,-10.5,15.5,1.7450980392156863,1.7450980392156863,-3,4,1,1,0,1,0,133.33333333333331,190.9090909090909,195.23809523809524,-100.0,-100.0,-100.0
10.0,November 15,4:25PM,Los Angeles Rams,,Seattle Seahawks,23.0,16.0,W,389.0,1.0,333.0,3.0,1.0,55.0,-140.0,-140.0,2.5,-2.5,-105.0,-115.0,-110.0,-110.0,28.75,28.75,5.75,12.75,1.9130434782608696,1.9130434782608696,1,3,0,1,0,1,0,171.42857142857144,195.23809523809524,-100.0,-100.0,-100.0,190.9090909090909
10.0,November 15,8:20PM,New England Patriots,,Baltimore Ravens,23.0,17.0,W,308.0,0.0,357.0,1.0,1.0,43.5,250.0,250.0,-7.0,7.0,-105.0,-115.0,-110.0,-110.0,18.25,18.25,-4.75,1.25,2.3835616438356166,2.3835616438356166,-1,0,0,0,1,1,0,350.0,-100.0,-100.0,-100.0,186.95652173913044,190.9090909090909
10.0,November 16,8:15PM,Minnesota Vikings,@,Chicago Bears,19.0,13.0,W,385.0,2.0,149.0,2.0,0.0,43.5,-180.0,-180.0,3.0,-3.0,100.0,-120.0,-110.0,-110.0,23.25,23.25,4.25,10.25,1.8709677419354838,1.8709677419354838,1,3,0,1,0,1,0,155.55555555555554,200.0,-100.0,-100.0,-100.0,190.9090909090909
10.0,November 12,8:20PM,Tennessee Titans,@,Indianapolis Colts,17.0,34.0,W,294.0,0.0,430.0,0.0,1.0,,,,,,,,,,,,,,,,0,0,,0,0,0,1,-100.0,-100.0,-100.0,-100.0,-100.0,-100.0
10.0,November 15,1:00PM,Jacksonville Jaguars,,Green Bay Packers,20.0,24.0,W,260.0,1.0,395.0,2.0,0.0,47.0,700.0,700.0,-14.0,14.0,-105.0,-115.0,-110.0,-110.0,16.5,16.5,-3.5,-7.5,2.8484848484848486,2.8484848484848486,-1,-2,0,0,1,0,1,-100.0,-100.0,-100.0,800.0,186.95652173913044,190.9090909090909
10.0,November 15,1:00PM,Washington Football Team,,Detroit Lions,27.0,30.0,W,464.0,1.0,372.0,0.0,0.0,45.5,125.0,125.0,-3.0,3.0,100.0,-120.0,-110.0,-110.0,21.25,21.25,-5.75,-8.75,2.1411764705882352,2.1411764705882352,-1,-2,1,0,1,0,1,-100.0,-100.0,190.9090909090909,225.0,183.33333333333334,-100.0
10.0,November 15,1:00PM,Houston Texans,,Cleveland Browns,7.0,10.0,L,243.0,0.0,356.0,0.0,0.0,45.0,175.0,175.0,-4.5,4.5,-105.0,-115.0,-105.0,-115.0,20.25,20.25,13.25,10.25,2.2222222222222223,2.2222222222222223,3,3,0,0,1,0,1,-100.0,-100.0,-100.0,275.0,186.95652173913044,186.95652173913044
10.0,November 15,1:00PM,Carolina Panthers,@,Tampa Bay Buccaneers,23.0,46.0,L,187.0,1.0,544.0,1.0,1.0,49.5,215.0,215.0,-6.0,6.0,-110.0,-110.0,-110.0,-110.0,21.75,21.75,-1.25,-24.25,2.2758620689655173,2.2758620689655173,0,-1,1,0,1,0,1,-100.0,-100.0,190.9090909090909,315.0,190.9090909090909,-100.0
10.0,November 15,1:00PM,Philadelphia Eagles,,New York Giants,17.0,27.0,L,346.0,0.0,382.0,0.0,0.0,44.5,-220.0,-220.0,4.5,-4.5,-110.0,-110.0,-110.0,-110.0,24.5,24.5,7.5,-2.5,1.816326530612245,1.816326530612245,2,0,0,0,1,0,1,-100.0,-100.0,-100.0,145.45454545454544,190.9090909090909,190.9090909090909
10.0,November 15,4:05PM,Los Angeles Chargers,,Miami Dolphins,21.0,29.0,L,273.0,1.0,280.0,1.0,0.0,49.0,105.0,105.0,-2.0,2.0,-110.0,-110.0,-105.0,-115.0,23.5,23.5,2.5,-5.5,2.0851063829787235,2.0851063829787235,0,-1,1,0,1,0,1,-100.0,-100.0,195.23809523809524,205.0,190.9090909090909,-100.0
10.0,November 15,4:05PM,Denver Broncos,,Las Vegas Raiders,12.0,37.0,L,313.0,5.0,357.0,0.0,0.0,51.0,160.0,160.0,-3.5,3.5,100.0,-120.0,-105.0,-115.0,23.75,23.75,11.75,-13.25,2.1473684210526316,2.1473684210526316,3,-3,0,0,1,0,1,-100.0,-100.0,-100.0,260.0,183.33333333333334,186.95652173913044
10.0,November 15,4:05PM,Buffalo Bills,,Arizona Cardinals,30.0,32.0,L,369.0,2.0,453.0,2.0,0.0,0.0,125.0,125.0,-2.5,2.5,-115.0,-105.0,0.0,0.0,-1.25,-1.25,-31.25,-33.25,-0.0,-0.0,-1,-1,1,0,1,0,1,-100.0,-100.0,-100.0,225.0,195.23809523809524,-100.0
10.0,November 15,4:25PM,San Francisco 49ers,,New Orleans Saints,13.0,27.0,L,281.0,4.0,237.0,2.0,0.0,49.0,330.0,330.0,-9.5,9.5,-110.0,-110.0,-110.0,-110.0,19.75,19.75,6.75,-7.25,2.481012658227848,2.481012658227848,2,-2,0,0,1,0,1,-100.0,-100.0,-100.0,430.0,190.9090909090909,190.9090909090909
10.0,November 15,4:25PM,Cincinnati Bengals,,Pittsburgh Steelers,10.0,36.0,L,324.0,2.0,377.0,0.0,0.0,44.5,250.0,250.0,-6.5,6.5,-110.0,-110.0,-105.0,-115.0,19.0,19.0,9.0,-17.0,2.3421052631578947,2.3421052631578947,2,-1,1,0,1,0,1,-100.0,-100.0,195.23809523809524,350.0,190.9090909090909,-100.0
10.0,November 15,4:25PM,Seattle Seahawks,,Los Angeles Rams,16.0,23.0,L,333.0,3.0,389.0,1.0,0.0,55.0,120.0,120.0,-2.5,2.5,-115.0,-105.0,-110.0,-110.0,26.25,26.25,10.25,3.25,2.0952380952380953,2.0952380952380953,3,1,0,0,1,0,1,-100.0,-100.0,-100.0,220.0,195.23809523809524,190.9090909090909
10.0,November 15,8:20PM,Baltimore Ravens,,New England Patriots,17.0,23.0,L,357.0,1.0,308.0,0.0,0.0,43.5,-300.0,-300.0,7.0,-7.0,-115.0,-105.0,-110.0,-110.0,25.25,25.25,8.25,2.25,1.7227722772277227,1.7227722772277227,2,0,0,1,0,0,1,-100.0,186.95652173913044,-100.0,133.33333333333331,-100.0,190.9090909090909
10.0,November 16,8:15PM,Chicago Bears,@,Minnesota Vikings,13.0,19.0,L,149.0,2.0,385.0,2.0,1.0,43.5,160.0,160.0,-3.0,3.0,-120.0,100.0,-110.0,-110.0,20.25,20.25,7.25,1.25,2.1481481481481484,2.1481481481481484,2,0,0,0,1,0,1,-100.0,-100.0,-100.0,260.0,200.0,190.9090909090909
